{"eval/mean_reward": 0.0, "eval/mean_ep_length": 50.0, "time/total_timesteps": 1000}
{"eval/mean_reward": 0.0, "eval/mean_ep_length": 50.0, "time/total_timesteps": 2000}
{"time/iterations": 1, "rollout/ep_rew_mean": 0.3999999999999999, "rollout/ep_len_mean": 14.78, "time/fps": 0, "time/time_elapsed": -1683715399720192768, "time/total_timesteps": 2048}
{"train/learning_rate": 0.0003, "train/entropy_loss": -5.107125209271908, "train/policy_gradient_loss": -0.11049242935841903, "train/value_loss": 0.008859156149992487, "train/approx_kl": 0.030404124408960342, "train/clip_fraction": 0.527197265625, "train/loss": -0.14521142840385437, "train/explained_variance": -7.000672340393066, "train/n_updates": 20, "train/clip_range": 0.2, "eval/mean_reward": 0.0, "eval/mean_ep_length": 50.0, "time/total_timesteps": 3000}
{"eval/mean_reward": 0.0, "eval/mean_ep_length": 50.0, "time/total_timesteps": 4000}
{"time/iterations": 2, "rollout/ep_rew_mean": 0.3999999999999999, "rollout/ep_len_mean": 14.16, "time/fps": 0, "time/time_elapsed": -1683715399720192768, "time/total_timesteps": 4096}
{"train/learning_rate": 0.0003, "train/entropy_loss": -5.057232391834259, "train/policy_gradient_loss": -0.022405417647678404, "train/value_loss": 0.0006415032559289102, "train/approx_kl": 0.1924143135547638, "train/clip_fraction": 0.630810546875, "train/loss": -0.05124597251415253, "train/explained_variance": -0.0408402681350708, "train/n_updates": 40, "train/clip_range": 0.2, "eval/mean_reward": 0.0, "eval/mean_ep_length": 50.0, "time/total_timesteps": 5000}
{"eval/mean_reward": 0.0, "eval/mean_ep_length": 50.0, "time/total_timesteps": 6000}
{"time/iterations": 3, "rollout/ep_rew_mean": 0.3999999999999999, "rollout/ep_len_mean": 13.73, "time/fps": 0, "time/time_elapsed": -1683715399720192512, "time/total_timesteps": 6144}
{"train/learning_rate": 0.0003, "train/entropy_loss": -4.968313005566597, "train/policy_gradient_loss": -0.00932441066543106, "train/value_loss": 0.0007135547798952757, "train/approx_kl": 0.4436718821525574, "train/clip_fraction": 0.7388671875, "train/loss": -0.08712420612573624, "train/explained_variance": 0.05875658988952637, "train/n_updates": 60, "train/clip_range": 0.2, "eval/mean_reward": 0.3, "eval/mean_ep_length": 50.0, "time/total_timesteps": 7000}
{"eval/mean_reward": 0.3, "eval/mean_ep_length": 50.0, "time/total_timesteps": 8000}
{"time/iterations": 4, "rollout/ep_rew_mean": 0.3999999999999999, "rollout/ep_len_mean": 15.48, "time/fps": 0, "time/time_elapsed": -1683715399720192512, "time/total_timesteps": 8192}
{"train/learning_rate": 0.0003, "train/entropy_loss": -4.860788601636886, "train/policy_gradient_loss": 0.0064042537240311505, "train/value_loss": 0.0006983150212818146, "train/approx_kl": 0.903424859046936, "train/clip_fraction": 0.812158203125, "train/loss": -0.06282608956098557, "train/explained_variance": -0.29965972900390625, "train/n_updates": 80, "train/clip_range": 0.2, "eval/mean_reward": 0.3, "eval/mean_ep_length": 50.0, "time/total_timesteps": 9000}
{"eval/mean_reward": 0.3, "eval/mean_ep_length": 50.0, "time/total_timesteps": 10000}
{"time/iterations": 5, "rollout/ep_rew_mean": 0.3999999999999999, "rollout/ep_len_mean": 11.61, "time/fps": 0, "time/time_elapsed": -1683715399720192512, "time/total_timesteps": 10240}
{"train/learning_rate": 0.0003, "train/entropy_loss": -4.653989578783512, "train/policy_gradient_loss": -0.0049663443642202765, "train/value_loss": 0.000680697609186609, "train/approx_kl": 2.0902652740478516, "train/clip_fraction": 0.88115234375, "train/loss": -0.09142211824655533, "train/explained_variance": -0.3311772346496582, "train/n_updates": 100, "train/clip_range": 0.2, "eval/mean_reward": 0.3, "eval/mean_ep_length": 50.0, "time/total_timesteps": 11000}
{"eval/mean_reward": 0.3, "eval/mean_ep_length": 50.0, "time/total_timesteps": 12000}
{"time/iterations": 6, "rollout/ep_rew_mean": 0.3999999999999999, "rollout/ep_len_mean": 14.03, "time/fps": 0, "time/time_elapsed": -1683715399720192256, "time/total_timesteps": 12288}
{"train/learning_rate": 0.0003, "train/entropy_loss": -4.614401724934578, "train/policy_gradient_loss": -0.004803601975436322, "train/value_loss": 0.0006550191325459309, "train/approx_kl": 3.2643909454345703, "train/clip_fraction": 0.8802734375, "train/loss": -0.06931393593549728, "train/explained_variance": -0.47128748893737793, "train/n_updates": 120, "train/clip_range": 0.2, "eval/mean_reward": 0.4, "eval/mean_ep_length": 5.0, "time/total_timesteps": 13000}
{"eval/mean_reward": 0.4, "eval/mean_ep_length": 5.0, "time/total_timesteps": 14000}
{"time/iterations": 7, "rollout/ep_rew_mean": 0.3999999999999999, "rollout/ep_len_mean": 8.35, "time/fps": 0, "time/time_elapsed": -1683715399720192256, "time/total_timesteps": 14336}
{"train/learning_rate": 0.0003, "train/entropy_loss": -4.1275821179151535, "train/policy_gradient_loss": -0.02741317708569113, "train/value_loss": 0.00021474909829066746, "train/approx_kl": 13.536203384399414, "train/clip_fraction": 0.933447265625, "train/loss": -0.14440199732780457, "train/explained_variance": -0.5875749588012695, "train/n_updates": 140, "train/clip_range": 0.2, "eval/mean_reward": 0.4, "eval/mean_ep_length": 5.0, "time/total_timesteps": 15000}
{"eval/mean_reward": 0.4, "eval/mean_ep_length": 5.0, "time/total_timesteps": 16000}
{"time/iterations": 8, "rollout/ep_rew_mean": 0.3999999999999999, "rollout/ep_len_mean": 6.77, "time/fps": 0, "time/time_elapsed": -1683715399720192256, "time/total_timesteps": 16384}
{"train/learning_rate": 0.0003, "train/entropy_loss": -3.263120187073946, "train/policy_gradient_loss": 0.2455268615332898, "train/value_loss": 0.00010949684215688649, "train/approx_kl": 43.52020263671875, "train/clip_fraction": 0.959228515625, "train/loss": -0.10888447612524033, "train/explained_variance": -0.6455308198928833, "train/n_updates": 160, "train/clip_range": 0.2, "eval/mean_reward": 0.4, "eval/mean_ep_length": 5.0, "time/total_timesteps": 17000}
{"eval/mean_reward": 0.4, "eval/mean_ep_length": 5.0, "time/total_timesteps": 18000}
{"time/iterations": 9, "rollout/ep_rew_mean": 0.3999999999999999, "rollout/ep_len_mean": 7.49, "time/fps": 0, "time/time_elapsed": -1683715399720192000, "time/total_timesteps": 18432}
{"train/learning_rate": 0.0003, "train/entropy_loss": -2.4471143878996373, "train/policy_gradient_loss": -0.005933218979043886, "train/value_loss": 6.21861363242715e-05, "train/approx_kl": 30.465587615966797, "train/clip_fraction": 0.97470703125, "train/loss": -0.13170921802520752, "train/explained_variance": -0.8753402233123779, "train/n_updates": 180, "train/clip_range": 0.2, "eval/mean_reward": 0.4, "eval/mean_ep_length": 5.0, "time/total_timesteps": 19000}
{"eval/mean_reward": 0.4, "eval/mean_ep_length": 5.0, "time/total_timesteps": 20000}
{"time/iterations": 10, "rollout/ep_rew_mean": 0.3999999999999999, "rollout/ep_len_mean": 6.15, "time/fps": 0, "time/time_elapsed": -1683715399720192000, "time/total_timesteps": 20480}
{"train/learning_rate": 0.0003, "train/entropy_loss": -1.5649318039417266, "train/policy_gradient_loss": 0.050382923166034745, "train/value_loss": 0.00020015029101330128, "train/approx_kl": 107.2868423461914, "train/clip_fraction": 0.943017578125, "train/loss": -0.11737138032913208, "train/explained_variance": -0.886913537979126, "train/n_updates": 200, "train/clip_range": 0.2, "eval/mean_reward": 0.4, "eval/mean_ep_length": 5.0, "time/total_timesteps": 21000}
{"eval/mean_reward": 0.4, "eval/mean_ep_length": 5.0, "time/total_timesteps": 22000}
{"time/iterations": 11, "rollout/ep_rew_mean": 0.3999999999999999, "rollout/ep_len_mean": 5.8, "time/fps": 0, "time/time_elapsed": -1683715399720192000, "time/total_timesteps": 22528}
{"train/learning_rate": 0.0003, "train/entropy_loss": -0.9673641540110112, "train/policy_gradient_loss": -0.11944663678295911, "train/value_loss": 0.0002865643373866078, "train/approx_kl": 53.72810363769531, "train/clip_fraction": 0.820361328125, "train/loss": -0.13852651417255402,