{"eval/mean_reward": 0.1, "eval/mean_ep_length": 50.0, "time/total_timesteps": 1000}
{"eval/mean_reward": 0.1, "eval/mean_ep_length": 50.0, "time/total_timesteps": 2000}
{"time/iterations": 1, "rollout/ep_rew_mean": 0.3999999999999999, "rollout/ep_len_mean": 14.97, "time/fps": 0, "time/time_elapsed": -1683715397353957120, "time/total_timesteps": 2048}
{"train/learning_rate": 0.0003, "train/entropy_loss": -5.124327394366264, "train/policy_gradient_loss": -0.10647949207341298, "train/value_loss": 0.002452491614531027, "train/approx_kl": 0.028311142697930336, "train/clip_fraction": 0.50986328125, "train/loss": -0.11997310072183609, "train/explained_variance": -0.7243646383285522, "train/n_updates": 20, "train/clip_range": 0.2, "eval/mean_reward": 0.0, "eval/mean_ep_length": 50.0, "time/total_timesteps": 3000}
{"eval/mean_reward": 0.0, "eval/mean_ep_length": 50.0, "time/total_timesteps": 4000}
{"time/iterations": 2, "rollout/ep_rew_mean": 0.3999999999999999, "rollout/ep_len_mean": 14.74, "time/fps": 0, "time/time_elapsed": -1683715397353957120, "time/total_timesteps": 4096}
{"train/learning_rate": 0.0003, "train/entropy_loss": -5.084621031582356, "train/policy_gradient_loss": -0.03002412726636976, "train/value_loss": 0.00015547875142374323, "train/approx_kl": 0.1684424877166748, "train/clip_fraction": 0.659228515625, "train/loss": -0.06929251551628113, "train/explained_variance": 0.005311846733093262, "train/n_updates": 40, "train/clip_range": 0.2, "eval/mean_reward": 0.0, "eval/mean_ep_length": 50.0, "time/total_timesteps": 5000}
{"eval/mean_reward": 0.0, "eval/mean_ep_length": 50.0, "time/total_timesteps": 6000}
{"time/iterations": 3, "rollout/ep_rew_mean": 0.3999999999999999, "rollout/ep_len_mean": 12.53, "time/fps": 0, "time/time_elapsed": -1683715397353957120, "time/total_timesteps": 6144}
{"train/learning_rate": 0.0003, "train/entropy_loss": -5.074038276076317, "train/policy_gradient_loss": -0.0432592217461206, "train/value_loss": 6.334890119887859e-05, "train/approx_kl": 0.3749257028102875, "train/clip_fraction": 0.7828125, "train/loss": -0.08185018599033356, "train/explained_variance": 0.036521077156066895, "train/n_updates": 60, "train/clip_range": 0.2, "eval/mean_reward": 0.4, "eval/mean_ep_length": 5.0, "time/total_timesteps": 7000}
{"eval/mean_reward": 0.4, "eval/mean_ep_length": 5.0, "time/total_timesteps": 8000}
{"time/iterations": 4, "rollout/ep_rew_mean": 0.3999999999999999, "rollout/ep_len_mean": 10.08, "time/fps": 0, "time/time_elapsed": -1683715397353956864, "time/total_timesteps": 8192}
{"train/learning_rate": 0.0003, "train/entropy_loss": -5.0111564010381695, "train/policy_gradient_loss": -0.05289200817351229, "train/value_loss": 8.748543187948598e-05, "train/approx_kl": 0.658077597618103, "train/clip_fraction": 0.858935546875, "train/loss": -0.07526302337646484, "train/explained_variance": -0.21860098838806152, "train/n_updates": 80, "train/clip_range": 0.2, "eval/mean_reward": 0.4, "eval/mean_ep_length": 5.0, "time/total_timesteps": 9000}
{"eval/mean_reward": 0.4, "eval/mean_ep_length": 5.0, "time/total_timesteps": 10000}
{"time/iterations": 5, "rollout/ep_rew_mean": 0.3999999999999999, "rollout/ep_len_mean": 7.87, "time/fps": 0, "time/time_elapsed": -1683715397353956864, "time/total_timesteps": 10240}
{"train/learning_rate": 0.0003, "train/entropy_loss": -4.9099975436925885, "train/policy_gradient_loss": -0.05125883986474946, "train/value_loss": 0.0002922340170471216, "train/approx_kl": 1.4474844932556152, "train/clip_fraction": 0.9080078125, "train/loss": -0.12163203954696655, "train/explained_variance": -0.3072754144668579, "train/n_updates": 100, "train/clip_range": 0.2, "eval/mean_reward": 0.4, "eval/mean_ep_length": 5.0, "time/total_timesteps": 11000}
{"eval/mean_reward": 0.4, "eval/mean_ep_length": 5.0, "time/total_timesteps": 12000}
{"time/iterations": 6, "rollout/ep_rew_mean": 0.3999999999999999, "rollout/ep_len_mean": 8.37, "time/fps": 0, "time/time_elapsed": -1683715397353956864, "time/total_timesteps": 12288}
{"train/learning_rate": 0.0003, "train/entropy_loss": -4.318528224527836, "train/policy_gradient_loss": -0.07703251912025735, "train/value_loss": 0.00012234952982907997, "train/approx_kl": 4.06248140335083, "train/clip_fraction": 0.94892578125, "train/loss": -0.060266513377428055, "train/explained_variance": -0.36975955963134766, "train/n_updates": 120, "train/clip_range": 0.2, "eval/mean_reward": 0.4, "eval/mean_ep_length": 5.0, "time/total_timesteps": 13000}
{"eval/mean_reward": 0.4, "eval/mean_ep_length": 5.0, "time/total_timesteps": 14000}
{"time/iterations": 7, "rollout/ep_rew_mean": 0.3999999999999999, "rollout/ep_len_mean": 7.78, "time/fps": 0, "time/time_elapsed": -1683715397353956608, "time/total_timesteps": 14336}
{"train/learning_rate": 0.0003, "train/entropy_loss": -3.687403605878353, "train/policy_gradient_loss": 0.008037049195263535, "train/value_loss": 0.0006813035765162567, "train/approx_kl": 15.163297653198242, "train/clip_fraction": 0.967431640625, "train/loss": 0.01060405746102333, "train/explained_variance": -0.3192007541656494, "train/n_updates": 140, "train/clip_range": 0.2, "eval/mean_reward": 0.4, "eval/mean_ep_length": 5.0, "time/total_timesteps": 15000}
{"eval/mean_reward": 0.4, "eval/mean_ep_length": 5.0, "time/total_timesteps": 16000}
{"time/iterations": 8, "rollout/ep_rew_mean": 0.3999999999999999, "rollout/ep_len_mean": 6.52, "time/fps": 0, "time/time_elapsed": -1683715397353956608, "time/total_timesteps": 16384}
{"train/learning_rate": 0.0003, "train/entropy_loss": -2.8693322256207465, "train/policy_gradient_loss": -0.09554108668235131, "train/value_loss": 0.00013215017321499545, "train/approx_kl": 43.51298522949219, "train/clip_fraction": 0.96513671875, "train/loss": -0.11451942473649979, "train/explained_variance": -0.5004973411560059, "train/n_updates": 160, "train/clip_range": 0.2, "eval/mean_reward": 0.4, "eval/mean_ep_length": 5.0, "time/total_timesteps": 17000}
{"eval/mean_reward": 0.4, "eval/mean_ep_length": 5.0, "time/total_timesteps": 18000}
{"time/iterations": 9, "rollout/ep_rew_mean": 0.3999999999999999, "rollout/ep_len_mean": 6.26, "time/fps": 0, "time/time_elapsed": -1683715397353956608, "time/total_timesteps": 18432}
{"train/learning_rate": 0.0003, "train/entropy_loss": -2.099902742356062, "train/policy_gradient_loss": -0.026831216394202783, "train/value_loss": 0.0004798656718321581, "train/approx_kl": 45.72340393066406, "train/clip_fraction": 0.92978515625, "train/loss": -0.09746188670396805, "train/explained_variance": -0.5835105180740356, "train/n_updates": 180, "train/clip_range": 0.2, "eval/mean_reward": 0.4, "eval/mean_ep_length": 5.0, "time/total_timesteps": 19000}
{"eval/mean_reward": 0.4, "eval/mean_ep_length": 5.0, "time/total_timesteps": 20000}
{"time/iterations": 10, "rollout/ep_rew_mean": 0.3999999999999999, "rollout/ep_len_mean": 6.04, "time/fps": 0, "time/time_elapsed": -1683715397353956352, "time/total_timesteps": 20480}
{"train/learning_rate": 0.0003, "train/entropy_loss": -1.5681074626743794, "train/policy_gradient_loss": -0.008559483039425686, "train/value_loss": 8.047081017252822e-05, "train/approx_kl": 35.87982940673828, "train/clip_fraction": 0.841015625, "train/loss": -0.09549834579229355, "train/explained_variance": -0.625870943069458, "train/n_updates": 200, "train/clip_range": 0.2, "eval/mean_reward": 0.4, "eval/mean_ep_length": 5.0, "time/total_timesteps": 21000}
{"eval/mean_reward": 0.4, "eval/mean_ep_length": 5.0, "time/total_timesteps": 22000}
{"time/iterations": 11, "rollout/ep_rew_mean": 0.3999999999999999, "rollout/ep_len_mean": 5.25, "time/fps": 0, "time/time_elapsed": -1683715397353956352, "time/total_timesteps": 22528}
{"train/learning_rate": 0.0003, "train/entropy_loss": -0.9804329363629222, "train/policy_gradient_loss": 0.001993253390537575, "train/value_loss": 0.0003702497611726585, "train/approx_kl": 18.10342025756836, "train/clip_fraction": 0.703271484375, "train/loss": -0.11070602387189865,