{"eval/mean_reward": 0.1, "eval/mean_ep_length": 50.0, "time/total_timesteps": 1000}
{"eval/mean_reward": 0.1, "eval/mean_ep_length": 50.0, "time/total_timesteps": 2000}
{"time/iterations": 1, "rollout/ep_rew_mean": 0.3999999999999999, "rollout/ep_len_mean": 14.65, "time/fps": 0, "time/time_elapsed": -1683715397694830848, "time/total_timesteps": 2048}
{"train/learning_rate": 0.0003, "train/entropy_loss": -5.115336582064629, "train/policy_gradient_loss": -0.10796252324362285, "train/value_loss": 0.04500726764381398, "train/approx_kl": 0.03661595657467842, "train/clip_fraction": 0.530859375, "train/loss": -0.1063123494386673, "train/explained_variance": -5.185525894165039, "train/n_updates": 20, "train/clip_range": 0.2, "eval/mean_reward": 0.0, "eval/mean_ep_length": 50.0, "time/total_timesteps": 3000}
{"eval/mean_reward": 0.0, "eval/mean_ep_length": 50.0, "time/total_timesteps": 4000}
{"time/iterations": 2, "rollout/ep_rew_mean": 0.3999999999999999, "rollout/ep_len_mean": 12.12, "time/fps": 0, "time/time_elapsed": -1683715397694830848, "time/total_timesteps": 4096}
{"train/learning_rate": 0.0003, "train/entropy_loss": -5.073889192938805, "train/policy_gradient_loss": -0.026510901097208262, "train/value_loss": 0.0013464548687352363, "train/approx_kl": 0.2037639319896698, "train/clip_fraction": 0.63955078125, "train/loss": 0.005844170227646828, "train/explained_variance": -1.4497263431549072, "train/n_updates": 40, "train/clip_range": 0.2, "eval/mean_reward": 0.0, "eval/mean_ep_length": 50.0, "time/total_timesteps": 5000}
{"eval/mean_reward": 0.0, "eval/mean_ep_length": 50.0, "time/total_timesteps": 6000}
{"time/iterations": 3, "rollout/ep_rew_mean": 0.39599999999999996, "rollout/ep_len_mean": 14.82, "time/fps": 0, "time/time_elapsed": -1683715397694830848, "time/total_timesteps": 6144}
{"train/learning_rate": 0.0003, "train/entropy_loss": -5.007532232999802, "train/policy_gradient_loss": -0.02225047992251348, "train/value_loss": 0.0002860225362383062, "train/approx_kl": 0.42568063735961914, "train/clip_fraction": 0.743603515625, "train/loss": -0.021303126588463783, "train/explained_variance": -0.16108107566833496, "train/n_updates": 60, "train/clip_range": 0.2, "eval/mean_reward": 0.1, "eval/mean_ep_length": 50.0, "time/total_timesteps": 7000}
{"eval/mean_reward": 0.1, "eval/mean_ep_length": 50.0, "time/total_timesteps": 8000}
{"time/iterations": 4, "rollout/ep_rew_mean": 0.3989999999999999, "rollout/ep_len_mean": 15.24, "time/fps": 0, "time/time_elapsed": -1683715397694830592, "time/total_timesteps": 8192}
{"train/learning_rate": 0.0003, "train/entropy_loss": -4.893823528289795, "train/policy_gradient_loss": -0.0001272318244446069, "train/value_loss": 0.0005118965010979081, "train/approx_kl": 0.7905030250549316, "train/clip_fraction": 0.77451171875, "train/loss": -0.061982911080121994, "train/explained_variance": -0.3283330202102661, "train/n_updates": 80, "train/clip_range": 0.2, "eval/mean_reward": 0.1, "eval/mean_ep_length": 50.0, "time/total_timesteps": 9000}
{"eval/mean_reward": 0.1, "eval/mean_ep_length": 50.0, "time/total_timesteps": 10000}
{"time/iterations": 5, "rollout/ep_rew_mean": 0.3999999999999999, "rollout/ep_len_mean": 12.08, "time/fps": 0, "time/time_elapsed": -1683715397694830592, "time/total_timesteps": 10240}
{"train/learning_rate": 0.0003, "train/entropy_loss": -4.60123792886734, "train/policy_gradient_loss": 0.04623664864338935, "train/value_loss": 0.00013769991568324258, "train/approx_kl": 2.367170572280884, "train/clip_fraction": 0.902099609375, "train/loss": -0.07220126688480377, "train/explained_variance": -0.5248745679855347, "train/n_updates": 100, "train/clip_range": 0.2, "eval/mean_reward": 0.4, "eval/mean_ep_length": 5.0, "time/total_timesteps": 11000}
{"eval/mean_reward": 0.4, "eval/mean_ep_length": 5.0, "time/total_timesteps": 12000}
{"time/iterations": 6, "rollout/ep_rew_mean": 0.3999999999999999, "rollout/ep_len_mean": 10.2, "time/fps": 0, "time/time_elapsed": -1683715397694830336, "time/total_timesteps": 12288}
{"train/learning_rate": 0.0003, "train/entropy_loss": -4.196110705286264, "train/policy_gradient_loss": 0.03840477679041214, "train/value_loss": 0.00017438176167843266, "train/approx_kl": 5.668124198913574, "train/clip_fraction": 0.93876953125, "train/loss": -0.07238433510065079, "train/explained_variance": -0.5259782075881958, "train/n_updates": 120, "train/clip_range": 0.2, "eval/mean_reward": 0.4, "eval/mean_ep_length": 5.0, "time/total_timesteps": 13000}
{"eval/mean_reward": 0.4, "eval/mean_ep_length": 5.0, "time/total_timesteps": 14000}
{"time/iterations": 7, "rollout/ep_rew_mean": 0.3999999999999999, "rollout/ep_len_mean": 7.73, "time/fps": 0, "time/time_elapsed": -1683715397694830336, "time/total_timesteps": 14336}
{"train/learning_rate": 0.0003, "train/entropy_loss": -3.6647743791341783, "train/policy_gradient_loss": -0.03976091389195062, "train/value_loss": 0.0005543552371932492, "train/approx_kl": 15.168838500976562, "train/clip_fraction": 0.93994140625, "train/loss": 0.06056755781173706, "train/explained_variance": -0.7008814811706543, "train/n_updates": 140, "train/clip_range": 0.2, "eval/mean_reward": 0.4, "eval/mean_ep_length": 5.0, "time/total_timesteps": 15000}
{"eval/mean_reward": 0.4, "eval/mean_ep_length": 5.0, "time/total_timesteps": 16000}
{"time/iterations": 8, "rollout/ep_rew_mean": 0.3999999999999999, "rollout/ep_len_mean": 7.11, "time/fps": 0, "time/time_elapsed": -1683715397694830336, "time/total_timesteps": 16384}
{"train/learning_rate": 0.0003, "train/entropy_loss": -2.9760987251996993, "train/policy_gradient_loss": -0.07760693786258344, "train/value_loss": 0.00027977749850265353, "train/approx_kl": 15.357706069946289, "train/clip_fraction": 0.95380859375, "train/loss": -0.11228643357753754, "train/explained_variance": -0.7143378257751465, "train/n_updates": 160, "train/clip_range": 0.2, "eval/mean_reward": 0.4, "eval/mean_ep_length": 5.0, "time/total_timesteps": 17000}
{"eval/mean_reward": 0.4, "eval/mean_ep_length": 5.0, "time/total_timesteps": 18000}
{"time/iterations": 9, "rollout/ep_rew_mean": 0.3999999999999999, "rollout/ep_len_mean": 6.94, "time/fps": 0, "time/time_elapsed": -1683715397694830080, "time/total_timesteps": 18432}
{"train/learning_rate": 0.0003, "train/entropy_loss": -2.4298816919326782, "train/policy_gradient_loss": -0.0993538283451926, "train/value_loss": 0.0001735914772666547, "train/approx_kl": 23.732799530029297, "train/clip_fraction": 0.965283203125, "train/loss": -0.08815258741378784, "train/explained_variance": -0.7861032485961914, "train/n_updates": 180, "train/clip_range": 0.2, "eval/mean_reward": 0.4, "eval/mean_ep_length": 5.0, "time/total_timesteps": 19000}
{"eval/mean_reward": 0.4, "eval/mean_ep_length": 5.0, "time/total_timesteps": 20000}
{"time/iterations": 10, "rollout/ep_rew_mean": 0.3999999999999999, "rollout/ep_len_mean": 8.56, "time/fps": 0, "time/time_elapsed": -1683715397694830080, "time/total_timesteps": 20480}
{"train/learning_rate": 0.0003, "train/entropy_loss": -1.795564928278327, "train/policy_gradient_loss": -0.013007297535659745, "train/value_loss": 0.00044264636524076194, "train/approx_kl": 56.24443054199219, "train/clip_fraction": 0.978125, "train/loss": -0.11928069591522217, "train/explained_variance": -0.7276222705841064, "train/n_updates": 200, "train/clip_range": 0.2, "eval/mean_reward": 0.4, "eval/mean_ep_length": 5.0, "time/total_timesteps": 21000}
{"eval/mean_reward": 0.4, "eval/mean_ep_length": 5.0, "time/total_timesteps": 22000}
{"time/iterations": 11, "rollout/ep_rew_mean": 0.3999999999999999, "rollout/ep_len_mean": 6.57, "time/fps": 0, "time/time_elapsed": -1683715397694830080, "time/total_timesteps": 22528}
{"train/learning_rate": 0.0003, "train/entropy_loss": -1.424626401439309, "train/policy_gradient_loss": -0.11591912395088003, "train/value_loss": 0.00012274785656245512, "train/approx_kl": 36.69717025756836, "train/clip_fraction": 0.95908203125, "train/loss": -0.13328926265239716,