{"eval/mean_reward": 0.1, "eval/mean_ep_length": 50.0, "time/total_timesteps": 1000}
{"eval/mean_reward": 0.1, "eval/mean_ep_length": 50.0, "time/total_timesteps": 2000}
{"time/iterations": 1, "rollout/ep_rew_mean": 0.3999999999999999, "rollout/ep_len_mean": 14.95, "time/fps": 0, "time/time_elapsed": -1683715399373360384, "time/total_timesteps": 2048}
{"train/learning_rate": 0.0003, "train/entropy_loss": -5.120573955774307, "train/policy_gradient_loss": -0.10908694951795042, "train/value_loss": 0.030530548565729988, "train/approx_kl": 0.03379463404417038, "train/clip_fraction": 0.523291015625, "train/loss": -0.11620336771011353, "train/explained_variance": -13.50928020477295, "train/n_updates": 20, "train/clip_range": 0.2, "eval/mean_reward": 0.3, "eval/mean_ep_length": 50.0, "time/total_timesteps": 3000}
{"eval/mean_reward": 0.3, "eval/mean_ep_length": 50.0, "time/total_timesteps": 4000}
{"time/iterations": 2, "rollout/ep_rew_mean": 0.3999999999999999, "rollout/ep_len_mean": 11.45, "time/fps": 0, "time/time_elapsed": -1683715399373360384, "time/total_timesteps": 4096}
{"train/learning_rate": 0.0003, "train/entropy_loss": -5.052597604691982, "train/policy_gradient_loss": -0.0447140246455092, "train/value_loss": 0.0008751245628218385, "train/approx_kl": 0.16317860782146454, "train/clip_fraction": 0.569482421875, "train/loss": -0.08706312626600266, "train/explained_variance": -0.1399993896484375, "train/n_updates": 40, "train/clip_range": 0.2, "eval/mean_reward": 0.2, "eval/mean_ep_length": 50.0, "time/total_timesteps": 5000}
{"eval/mean_reward": 0.2, "eval/mean_ep_length": 50.0, "time/total_timesteps": 6000}
{"time/iterations": 3, "rollout/ep_rew_mean": 0.3989999999999999, "rollout/ep_len_mean": 14.5, "time/fps": 0, "time/time_elapsed": -1683715399373360128, "time/total_timesteps": 6144}
{"train/learning_rate": 0.0003, "train/entropy_loss": -4.973102463781833, "train/policy_gradient_loss": -0.011693167941120918, "train/value_loss": 0.0005360434393651304, "train/approx_kl": 0.5443266034126282, "train/clip_fraction": 0.73671875, "train/loss": 0.0035801392514258623, "train/explained_variance": -0.49351954460144043, "train/n_updates": 60, "train/clip_range": 0.2, "eval/mean_reward": 0.2, "eval/mean_ep_length": 50.0, "time/total_timesteps": 7000}
{"eval/mean_reward": 0.2, "eval/mean_ep_length": 50.0, "time/total_timesteps": 8000}
{"time/iterations": 4, "rollout/ep_rew_mean": 0.3999999999999999, "rollout/ep_len_mean": 11.63, "time/fps": 0, "time/time_elapsed": -1683715399373360128, "time/total_timesteps": 8192}
{"train/learning_rate": 0.0003, "train/entropy_loss": -4.878021654486656, "train/policy_gradient_loss": 0.00621429598540999, "train/value_loss": 0.0005049614627409937, "train/approx_kl": 1.0476512908935547, "train/clip_fraction": 0.870751953125, "train/loss": 0.08601652830839157, "train/explained_variance": -0.3149745464324951, "train/n_updates": 80, "train/clip_range": 0.2, "eval/mean_reward": 0.3, "eval/mean_ep_length": 50.0, "time/total_timesteps": 9000}
{"eval/mean_reward": 0.3, "eval/mean_ep_length": 50.0, "time/total_timesteps": 10000}
{"time/iterations": 5, "rollout/ep_rew_mean": 0.3999999999999999, "rollout/ep_len_mean": 10.49, "time/fps": 0, "time/time_elapsed": -1683715399373360128, "time/total_timesteps": 10240}
{"train/learning_rate": 0.0003, "train/entropy_loss": -4.619009703397751, "train/policy_gradient_loss": -0.02975768055766821, "train/value_loss": 0.0005022269954224612, "train/approx_kl": 1.9698760509490967, "train/clip_fraction": 0.91005859375, "train/loss": 0.02701469510793686, "train/explained_variance": -0.5931340456008911, "train/n_updates": 100, "train/clip_range": 0.2, "eval/mean_reward": 0.3, "eval/mean_ep_length": 50.0, "time/total_timesteps": 11000}
{"eval/mean_reward": 0.3, "eval/mean_ep_length": 50.0, "time/total_timesteps": 12000}
{"time/iterations": 6, "rollout/ep_rew_mean": 0.3999999999999999, "rollout/ep_len_mean": 12.65, "time/fps": 0, "time/time_elapsed": -1683715399373359872, "time/total_timesteps": 12288}
{"train/learning_rate": 0.0003, "train/entropy_loss": -4.133787271380425, "train/policy_gradient_loss": 0.22329588675929699, "train/value_loss": 0.00062545698649501, "train/approx_kl": 7.214332103729248, "train/clip_fraction": 0.932958984375, "train/loss": -0.0836610198020935, "train/explained_variance": -0.6306623220443726, "train/n_updates": 120, "train/clip_range": 0.2, "eval/mean_reward": 0.3, "eval/mean_ep_length": 50.0, "time/total_timesteps": 13000}
{"eval/mean_reward": 0.3, "eval/mean_ep_length": 50.0, "time/total_timesteps": 14000}
{"time/iterations": 7, "rollout/ep_rew_mean": 0.3999999999999999, "rollout/ep_len_mean": 14.22, "time/fps": 0, "time/time_elapsed": -1683715399373359872, "time/total_timesteps": 14336}
{"train/learning_rate": 0.0003, "train/entropy_loss": -3.297303968667984, "train/policy_gradient_loss": 0.05059460305783432, "train/value_loss": 0.0012261509281415784, "train/approx_kl": 20.75882339477539, "train/clip_fraction": 0.96015625, "train/loss": -0.05526060611009598, "train/explained_variance": -0.4788163900375366, "train/n_updates": 140, "train/clip_range": 0.2, "eval/mean_reward": 0.4, "eval/mean_ep_length": 5.0, "time/total_timesteps": 15000}
{"eval/mean_reward": 0.4, "eval/mean_ep_length": 5.0, "time/total_timesteps": 16000}
{"time/iterations": 8, "rollout/ep_rew_mean": 0.3999999999999999, "rollout/ep_len_mean": 8.33, "time/fps": 0, "time/time_elapsed": -1683715399373359872, "time/total_timesteps": 16384}
{"train/learning_rate": 0.0003, "train/entropy_loss": -2.529485335201025, "train/policy_gradient_loss": 0.04933311970671639, "train/value_loss": 0.0003266493868750331, "train/approx_kl": 30.401662826538086, "train/clip_fraction": 0.946240234375, "train/loss": 0.03081216849386692, "train/explained_variance": -0.7436808347702026, "train/n_updates": 160, "train/clip_range": 0.2, "eval/mean_reward": 0.4, "eval/mean_ep_length": 5.0, "time/total_timesteps": 17000}
{"eval/mean_reward": 0.4, "eval/mean_ep_length": 5.0, "time/total_timesteps": 18000}
{"time/iterations": 9, "rollout/ep_rew_mean": 0.3999999999999999, "rollout/ep_len_mean": 8.29, "time/fps": 0, "time/time_elapsed": -1683715399373359616, "time/total_timesteps": 18432}
{"train/learning_rate": 0.0003, "train/entropy_loss": -1.7237168405205012, "train/policy_gradient_loss": -0.025155549318878912, "train/value_loss": 0.0004445397443532784, "train/approx_kl": 39.944297790527344, "train/clip_fraction": 0.921826171875, "train/loss": -0.04074148088693619, "train/explained_variance": -0.7406748533248901, "train/n_updates": 180, "train/clip_range": 0.2, "eval/mean_reward": 0.4, "eval/mean_ep_length": 5.0, "time/total_timesteps": 19000}
{"eval/mean_reward": 0.4, "eval/mean_ep_length": 5.0, "time/total_timesteps": 20000}
{"time/iterations": 10, "rollout/ep_rew_mean": 0.3999999999999999, "rollout/ep_len_mean": 8.13, "time/fps": 0, "time/time_elapsed": -1683715399373359616, "time/total_timesteps": 20480}
{"train/learning_rate": 0.0003, "train/entropy_loss": -0.8373544106259942, "train/policy_gradient_loss": -0.04725375418493059, "train/value_loss": 7.897353443695466e-05, "train/approx_kl": 81.82490539550781, "train/clip_fraction": 0.853466796875, "train/loss": -0.11495214700698853, "train/explained_variance": -0.8828734159469604, "train/n_updates": 200, "train/clip_range": 0.2, "eval/mean_reward": 0.4, "eval/mean_ep_length": 5.0, "time/total_timesteps": 21000}
{"eval/mean_reward": 0.4, "eval/mean_ep_length": 5.0, "time/total_timesteps": 22000}
{"time/iterations": 11, "rollout/ep_rew_mean": 0.3999999999999999, "rollout/ep_len_mean": 6.44, "time/fps": 0, "time/time_elapsed": -1683715399373359616, "time/total_timesteps": 22528}
{"train/learning_rate": 0.0003, "train/entropy_loss": -0.49762989515438677, "train/policy_gradient_loss": -0.041834130918141456, "train/value_loss": 0.0005912125360907794, "train/approx_kl": 45.520729064941406, "train/clip_fraction": 0.644970703125, "train/loss": -0.05251634120941162,