{"eval/mean_reward": 0.1, "eval/mean_ep_length": 1000.0, "time/total_timesteps": 1000}
{"eval/mean_reward": 0.1, "eval/mean_ep_length": 1000.0, "time/total_timesteps": 2000}
{"time/iterations": 1, "rollout/ep_rew_mean": 0.8999999999999999, "rollout/ep_len_mean": 56.64705882352941, "time/fps": 0, "time/time_elapsed": -1683717611831324672, "time/total_timesteps": 2048}
{"train/learning_rate": 0.0003, "train/entropy_loss": -6.526811544597149, "train/policy_gradient_loss": -0.06594927500700579, "train/value_loss": 0.0259985868295189, "train/approx_kl": 0.023678405210375786, "train/clip_fraction": 0.277978515625, "train/loss": -0.08130867034196854, "train/explained_variance": -0.8199589252471924, "train/n_updates": 20, "train/clip_range": 0.2, "eval/mean_reward": 0.0, "eval/mean_ep_length": 1000.0, "time/total_timesteps": 3000}
{"eval/mean_reward": 0.0, "eval/mean_ep_length": 1000.0, "time/total_timesteps": 4000}
{"time/iterations": 2, "rollout/ep_rew_mean": 0.9000000000000005, "rollout/ep_len_mean": 51.85526315789474, "time/fps": 0, "time/time_elapsed": -1683717611831324416, "time/total_timesteps": 4096}
{"train/learning_rate": 0.0003, "train/entropy_loss": -6.48658576309681, "train/policy_gradient_loss": -0.050060133426450194, "train/value_loss": 0.00683458471976337, "train/approx_kl": 0.0932777002453804, "train/clip_fraction": 0.55166015625, "train/loss": -0.08619173616170883, "train/explained_variance": 0.3913004398345947, "train/n_updates": 40, "train/clip_range": 0.2, "eval/mean_reward": 0.0, "eval/mean_ep_length": 1000.0, "time/total_timesteps": 5000}
{"eval/mean_reward": 0.0, "eval/mean_ep_length": 1000.0, "time/total_timesteps": 6000}
{"time/iterations": 3, "rollout/ep_rew_mean": 0.9000000000000005, "rollout/ep_len_mean": 51.56, "time/fps": 0, "time/time_elapsed": -1683717611831324416, "time/total_timesteps": 6144}
{"train/learning_rate": 0.0003, "train/entropy_loss": -6.470984528958797, "train/policy_gradient_loss": -0.030389304802520202, "train/value_loss": 0.00347147691391001, "train/approx_kl": 0.17438462376594543, "train/clip_fraction": 0.668359375, "train/loss": -0.06117820367217064, "train/explained_variance": 0.6178897321224213, "train/n_updates": 60, "train/clip_range": 0.2, "eval/mean_reward": 0.0, "eval/mean_ep_length": 1000.0, "time/total_timesteps": 7000}
{"eval/mean_reward": 0.0, "eval/mean_ep_length": 1000.0, "time/total_timesteps": 8000}
{"time/iterations": 4, "rollout/ep_rew_mean": 0.9000000000000005, "rollout/ep_len_mean": 50.24, "time/fps": 0, "time/time_elapsed": -1683717611831324160, "time/total_timesteps": 8192}
{"train/learning_rate": 0.0003, "train/entropy_loss": -6.435750707983971, "train/policy_gradient_loss": -0.036946609456208535, "train/value_loss": 0.0024820961221848846, "train/approx_kl": 0.24638012051582336, "train/clip_fraction": 0.737158203125, "train/loss": -0.037222377955913544, "train/explained_variance": 0.6631813645362854, "train/n_updates": 80, "train/clip_range": 0.2, "eval/mean_reward": 0.0, "eval/mean_ep_length": 1000.0, "time/total_timesteps": 9000}
{"eval/mean_reward": 0.0, "eval/mean_ep_length": 1000.0, "time/total_timesteps": 10000}
{"time/iterations": 5, "rollout/ep_rew_mean": 0.9000000000000005, "rollout/ep_len_mean": 45.61, "time/fps": 0, "time/time_elapsed": -1683717611831324160, "time/total_timesteps": 10240}
{"train/learning_rate": 0.0003, "train/entropy_loss": -6.398781161010265, "train/policy_gradient_loss": -0.025833327995496803, "train/value_loss": 0.0027590895431785613, "train/approx_kl": 0.40487906336784363, "train/clip_fraction": 0.782421875, "train/loss": -0.052384573966264725, "train/explained_variance": 0.5851501524448395, "train/n_updates": 100, "train/clip_range": 0.2, "eval/mean_reward": 0.0, "eval/mean_ep_length": 1000.0, "time/total_timesteps": 11000}
{"eval/mean_reward": 0.0, "eval/mean_ep_length": 1000.0, "time/total_timesteps": 12000}
{"time/iterations": 6, "rollout/ep_rew_mean": 0.9000000000000005, "rollout/ep_len_mean": 36.05, "time/fps": 0, "time/time_elapsed": -1683717611831323904, "time/total_timesteps": 12288}
{"train/learning_rate": 0.0003, "train/entropy_loss": -6.349817878007888, "train/policy_gradient_loss": -0.03792438288219273, "train/value_loss": 0.00297165401498205, "train/approx_kl": 0.5998468995094299, "train/clip_fraction": 0.841162109375, "train/loss": -0.061932578682899475, "train/explained_variance": 0.5368120968341827, "train/n_updates": 120, "train/clip_range": 0.2, "eval/mean_reward": 0.4, "eval/mean_ep_length": 1000.0, "time/total_timesteps": 13000}
{"eval/mean_reward": 0.4, "eval/mean_ep_length": 1000.0, "time/total_timesteps": 14000}
{"time/iterations": 7, "rollout/ep_rew_mean": 0.9000000000000005, "rollout/ep_len_mean": 34.37, "time/fps": 0, "time/time_elapsed": -1683717611831323904, "time/total_timesteps": 14336}
{"train/learning_rate": 0.0003, "train/entropy_loss": -6.207862631976605, "train/policy_gradient_loss": -0.018895565826096573, "train/value_loss": 0.0029818656847055537, "train/approx_kl": 0.9326552748680115, "train/clip_fraction": 0.884716796875, "train/loss": -0.00932831410318613, "train/explained_variance": 0.5075305700302124, "train/n_updates": 140, "train/clip_range": 0.2, "eval/mean_reward": 0.4, "eval/mean_ep_length": 1000.0, "time/total_timesteps": 15000}
{"eval/mean_reward": 0.4, "eval/mean_ep_length": 1000.0, "time/total_timesteps": 16000}
{"time/iterations": 8, "rollout/ep_rew_mean": 0.9000000000000005, "rollout/ep_len_mean": 33.71, "time/fps": 0, "time/time_elapsed": -1683717611831323904, "time/total_timesteps": 16384}
{"train/learning_rate": 0.0003, "train/entropy_loss": -6.21378735601902, "train/policy_gradient_loss": -0.019459762543556282, "train/value_loss": 0.0020978169382942723, "train/approx_kl": 1.438680648803711, "train/clip_fraction": 0.883642578125, "train/loss": -0.03636351600289345, "train/explained_variance": 0.583011120557785, "train/n_updates": 160, "train/clip_range": 0.2, "eval/mean_reward": 0.9, "eval/mean_ep_length": 10.0, "time/total_timesteps": 17000}
{"eval/mean_reward": 0.9, "eval/mean_ep_length": 10.0, "time/total_timesteps": 18000}
{"time/iterations": 9, "rollout/ep_rew_mean": 0.9000000000000005, "rollout/ep_len_mean": 24.68, "time/fps": 0, "time/time_elapsed": -1683717611831323648, "time/total_timesteps": 18432}
{"train/learning_rate": 0.0003, "train/entropy_loss": -6.079254555702209, "train/policy_gradient_loss": -0.04508498852374032, "train/value_loss": 0.0013960329931251181, "train/approx_kl": 2.3659439086914062, "train/clip_fraction": 0.915234375, "train/loss": -0.04549999535083771, "train/explained_variance": 0.31019455194473267, "train/n_updates": 180, "train/clip_range": 0.2, "eval/mean_reward": 0.9, "eval/mean_ep_length": 10.0, "time/total_timesteps": 19000}
{"eval/mean_reward": 0.9, "eval/mean_ep_length": 10.0, "time/total_timesteps": 20000}
{"time/iterations": 10, "rollout/ep_rew_mean": 0.9000000000000005, "rollout/ep_len_mean": 19.84, "time/fps": 0, "time/time_elapsed": -1683717611831323648, "time/total_timesteps": 20480}
{"train/learning_rate": 0.0003, "train/entropy_loss": -5.91688961237669, "train/policy_gradient_loss": -0.04925678793806583, "train/value_loss": 0.0036121527194154625, "train/approx_kl": 4.2646965980529785, "train/clip_fraction": 0.929736328125, "train/loss": -0.05992474406957626, "train/explained_variance": 0.3123393654823303, "train/n_updates": 200, "train/clip_range": 0.2, "eval/mean_reward": 0.4, "eval/mean_ep_length": 1000.0, "time/total_timesteps": 21000}
{"eval/mean_reward": 0.4, "eval/mean_ep_length": 1000.0, "time/total_timesteps": 22000}
{"time/iterations": 11, "rollout/ep_rew_mean": 0.9000000000000005, "rollout/ep_len_mean": 21.03, "time/fps": 0, "time/time_elapsed": -1683717611831323648, "time/total_timesteps": 22528}
{"train/learning_rate": 0.0003, "train/entropy_loss": -5.853872136771679, "train/policy_gradient_loss": -0.039337898220401256, "train/value_loss": 0.0018885189280354099, "train/approx_kl": 5.920388221740723, "train/clip_fraction": 0.932568359375,