{"eval/mean_reward": 0.0, "eval/mean_ep_length": 50.0, "time/total_timesteps": 1000}
{"eval/mean_reward": 0.0, "eval/mean_ep_length": 50.0, "time/total_timesteps": 2000}
{"time/iterations": 1, "rollout/ep_rew_mean": 0.3999999999999999, "rollout/ep_len_mean": 15.57, "time/fps": 0, "time/time_elapsed": -1683715400403608576, "time/total_timesteps": 2048}
{"train/learning_rate": 0.0003, "train/entropy_loss": -5.110638144612312, "train/policy_gradient_loss": -0.11889207427739165, "train/value_loss": 0.015888743466348387, "train/approx_kl": 0.028680169954895973, "train/clip_fraction": 0.511865234375, "train/loss": -0.13925151526927948, "train/explained_variance": -12.545010566711426, "train/n_updates": 20, "train/clip_range": 0.2, "eval/mean_reward": 0.1, "eval/mean_ep_length": 50.0, "time/total_timesteps": 3000}
{"eval/mean_reward": 0.1, "eval/mean_ep_length": 50.0, "time/total_timesteps": 4000}
{"time/iterations": 2, "rollout/ep_rew_mean": 0.3999999999999999, "rollout/ep_len_mean": 13.25, "time/fps": 0, "time/time_elapsed": -1683715400403608576, "time/total_timesteps": 4096}
{"train/learning_rate": 0.0003, "train/entropy_loss": -5.067833709716797, "train/policy_gradient_loss": -0.03403106606856454, "train/value_loss": 0.0009200869299093029, "train/approx_kl": 0.13745218515396118, "train/clip_fraction": 0.603662109375, "train/loss": -0.04398440197110176, "train/explained_variance": -0.09708333015441895, "train/n_updates": 40, "train/clip_range": 0.2, "eval/mean_reward": 0.1, "eval/mean_ep_length": 50.0, "time/total_timesteps": 5000}
{"eval/mean_reward": 0.1, "eval/mean_ep_length": 50.0, "time/total_timesteps": 6000}
{"time/iterations": 3, "rollout/ep_rew_mean": 0.3999999999999999, "rollout/ep_len_mean": 10.53, "time/fps": 0, "time/time_elapsed": -1683715400403608320, "time/total_timesteps": 6144}
{"train/learning_rate": 0.0003, "train/entropy_loss": -4.990399551391602, "train/policy_gradient_loss": -0.02443838607869111, "train/value_loss": 0.00047146164965852224, "train/approx_kl": 0.4546312689781189, "train/clip_fraction": 0.800048828125, "train/loss": -0.09185529500246048, "train/explained_variance": -0.15849566459655762, "train/n_updates": 60, "train/clip_range": 0.2, "eval/mean_reward": 0.1, "eval/mean_ep_length": 50.0, "time/total_timesteps": 7000}
{"eval/mean_reward": 0.1, "eval/mean_ep_length": 50.0, "time/total_timesteps": 8000}
{"time/iterations": 4, "rollout/ep_rew_mean": 0.3999999999999999, "rollout/ep_len_mean": 10.74, "time/fps": 0, "time/time_elapsed": -1683715400403608320, "time/total_timesteps": 8192}
{"train/learning_rate": 0.0003, "train/entropy_loss": -4.8724248826503755, "train/policy_gradient_loss": -0.023367424064781518, "train/value_loss": 0.00020838845471189417, "train/approx_kl": 1.0266973972320557, "train/clip_fraction": 0.865380859375, "train/loss": -0.1132844015955925, "train/explained_variance": -0.2871057987213135, "train/n_updates": 80, "train/clip_range": 0.2, "eval/mean_reward": 0.4, "eval/mean_ep_length": 5.0, "time/total_timesteps": 9000}
{"eval/mean_reward": 0.4, "eval/mean_ep_length": 5.0, "time/total_timesteps": 10000}
{"time/iterations": 5, "rollout/ep_rew_mean": 0.3999999999999999, "rollout/ep_len_mean": 9.28, "time/fps": 0, "time/time_elapsed": -1683715400403608320, "time/total_timesteps": 10240}
{"train/learning_rate": 0.0003, "train/entropy_loss": -4.7624119251966475, "train/policy_gradient_loss": -0.020170444922405294, "train/value_loss": 0.00046334817916431347, "train/approx_kl": 1.8707159757614136, "train/clip_fraction": 0.912451171875, "train/loss": -0.08313153684139252, "train/explained_variance": -0.3028467893600464, "train/n_updates": 100, "train/clip_range": 0.2, "eval/mean_reward": 0.4, "eval/mean_ep_length": 5.0, "time/total_timesteps": 11000}
{"eval/mean_reward": 0.4, "eval/mean_ep_length": 5.0, "time/total_timesteps": 12000}
{"time/iterations": 6, "rollout/ep_rew_mean": 0.3999999999999999, "rollout/ep_len_mean": 7.9, "time/fps": 0, "time/time_elapsed": -1683715400403608064, "time/total_timesteps": 12288}
{"train/learning_rate": 0.0003, "train/entropy_loss": -4.398592230677605, "train/policy_gradient_loss": -0.028841900144470856, "train/value_loss": 0.00011299112654796772, "train/approx_kl": 3.615344285964966, "train/clip_fraction": 0.93466796875, "train/loss": -0.11114033311605453, "train/explained_variance": -0.5082122087478638, "train/n_updates": 120, "train/clip_range": 0.2, "eval/mean_reward": 0.4, "eval/mean_ep_length": 5.0, "time/total_timesteps": 13000}
{"eval/mean_reward": 0.4, "eval/mean_ep_length": 5.0, "time/total_timesteps": 14000}
{"time/iterations": 7, "rollout/ep_rew_mean": 0.3999999999999999, "rollout/ep_len_mean": 8.85, "time/fps": 0, "time/time_elapsed": -1683715400403608064, "time/total_timesteps": 14336}
{"train/learning_rate": 0.0003, "train/entropy_loss": -3.941844093799591, "train/policy_gradient_loss": -0.021407248519244602, "train/value_loss": 0.00046950998986403645, "train/approx_kl": 8.249719619750977, "train/clip_fraction": 0.94228515625, "train/loss": -0.04107284173369408, "train/explained_variance": -0.446685791015625, "train/n_updates": 140, "train/clip_range": 0.2, "eval/mean_reward": 0.4, "eval/mean_ep_length": 5.0, "time/total_timesteps": 15000}
{"eval/mean_reward": 0.4, "eval/mean_ep_length": 5.0, "time/total_timesteps": 16000}
{"time/iterations": 8, "rollout/ep_rew_mean": 0.3999999999999999, "rollout/ep_len_mean": 7.17, "time/fps": 0, "time/time_elapsed": -1683715400403608064, "time/total_timesteps": 16384}
{"train/learning_rate": 0.0003, "train/entropy_loss": -3.310403170436621, "train/policy_gradient_loss": -0.0468842352333013, "train/value_loss": 5.3475395105806456e-05, "train/approx_kl": 21.120643615722656, "train/clip_fraction": 0.94697265625, "train/loss": -0.10329335182905197, "train/explained_variance": -0.6897670030593872, "train/n_updates": 160, "train/clip_range": 0.2, "eval/mean_reward": 0.4, "eval/mean_ep_length": 5.0, "time/total_timesteps": 17000}
{"eval/mean_reward": 0.4, "eval/mean_ep_length": 5.0, "time/total_timesteps": 18000}
{"time/iterations": 9, "rollout/ep_rew_mean": 0.3999999999999999, "rollout/ep_len_mean": 6.07, "time/fps": 0, "time/time_elapsed": -1683715400403608064, "time/total_timesteps": 18432}
{"train/learning_rate": 0.0003, "train/entropy_loss": -2.5148512147367, "train/policy_gradient_loss": -0.08303378038981464, "train/value_loss": 0.0007708533899176473, "train/approx_kl": 54.60919952392578, "train/clip_fraction": 0.9548828125, "train/loss": -0.007171634119004011, "train/explained_variance": -0.6283785104751587, "train/n_updates": 180, "train/clip_range": 0.2, "eval/mean_reward": 0.4, "eval/mean_ep_length": 5.0, "time/total_timesteps": 19000}
{"eval/mean_reward": 0.4, "eval/mean_ep_length": 5.0, "time/total_timesteps": 20000}
{"time/iterations": 10, "rollout/ep_rew_mean": 0.3999999999999999, "rollout/ep_len_mean": 5.85, "time/fps": 0, "time/time_elapsed": -1683715400403607808, "time/total_timesteps": 20480}
{"train/learning_rate": 0.0003, "train/entropy_loss": -1.999965300783515, "train/policy_gradient_loss": -0.08598673067754134, "train/value_loss": 0.0007841120626267184, "train/approx_kl": 29.875083923339844, "train/clip_fraction": 0.937109375, "train/loss": -0.09845409542322159, "train/explained_variance": -0.9380512237548828, "train/n_updates": 200, "train/clip_range": 0.2, "eval/mean_reward": 0.4, "eval/mean_ep_length": 5.0, "time/total_timesteps": 21000}
{"eval/mean_reward": 0.4, "eval/mean_ep_length": 5.0, "time/total_timesteps": 22000}
{"time/iterations": 11, "rollout/ep_rew_mean": 0.3999999999999999, "rollout/ep_len_mean": 5.55, "time/fps": 0, "time/time_elapsed": -1683715400403607808, "time/total_timesteps": 22528}
{"train/learning_rate": 0.0003, "train/entropy_loss": -1.2815949261188506, "train/policy_gradient_loss": -0.10801010230788961, "train/value_loss": 0.0006933664986775057, "train/approx_kl": 57.47514343261719, "train/clip_fraction": 0.90390625, "train/loss": -0.11876023560762405,