{"eval/mean_reward": 0.0, "eval/mean_ep_length": 1000.0, "time/total_timesteps": 1000}
{"eval/mean_reward": 0.0, "eval/mean_ep_length": 1000.0, "time/total_timesteps": 2000}
{"time/iterations": 1, "rollout/ep_rew_mean": 0.8999999999999999, "rollout/ep_len_mean": 54.97142857142857, "time/fps": 0, "time/time_elapsed": -1683717609766311680, "time/total_timesteps": 2048}
{"train/learning_rate": 0.0003, "train/entropy_loss": -6.525359904766082, "train/policy_gradient_loss": -0.06999733926495537, "train/value_loss": 0.03651142910821363, "train/approx_kl": 0.02804790437221527, "train/clip_fraction": 0.31376953125, "train/loss": -0.09603441506624222, "train/explained_variance": -1.5144679546356201, "train/n_updates": 20, "train/clip_range": 0.2, "eval/mean_reward": 0.0, "eval/mean_ep_length": 1000.0, "time/total_timesteps": 3000}
{"eval/mean_reward": 0.0, "eval/mean_ep_length": 1000.0, "time/total_timesteps": 4000}
{"time/iterations": 2, "rollout/ep_rew_mean": 0.9000000000000006, "rollout/ep_len_mean": 50.166666666666664, "time/fps": 0, "time/time_elapsed": -1683717609766311424, "time/total_timesteps": 4096}
{"train/learning_rate": 0.0003, "train/entropy_loss": -6.463394519686699, "train/policy_gradient_loss": -0.041716803674353285, "train/value_loss": 0.009404328281380003, "train/approx_kl": 0.11449210345745087, "train/clip_fraction": 0.545947265625, "train/loss": -0.05201209336519241, "train/explained_variance": 0.30237430334091187, "train/n_updates": 40, "train/clip_range": 0.2, "eval/mean_reward": 0.0, "eval/mean_ep_length": 1000.0, "time/total_timesteps": 5000}
{"eval/mean_reward": 0.0, "eval/mean_ep_length": 1000.0, "time/total_timesteps": 6000}
{"time/iterations": 3, "rollout/ep_rew_mean": 0.9000000000000005, "rollout/ep_len_mean": 51.58, "time/fps": 0, "time/time_elapsed": -1683717609766311424, "time/total_timesteps": 6144}
{"train/learning_rate": 0.0003, "train/entropy_loss": -6.459344211220741, "train/policy_gradient_loss": -0.0050996939826291054, "train/value_loss": 0.0054988785472232845, "train/approx_kl": 0.17972935736179352, "train/clip_fraction": 0.616162109375, "train/loss": -0.007498634047806263, "train/explained_variance": 0.5947842299938202, "train/n_updates": 60, "train/clip_range": 0.2, "eval/mean_reward": 0.1, "eval/mean_ep_length": 1000.0, "time/total_timesteps": 7000}
{"eval/mean_reward": 0.1, "eval/mean_ep_length": 1000.0, "time/total_timesteps": 8000}
{"time/iterations": 4, "rollout/ep_rew_mean": 0.9000000000000005, "rollout/ep_len_mean": 46.09, "time/fps": 0, "time/time_elapsed": -1683717609766311168, "time/total_timesteps": 8192}
{"train/learning_rate": 0.0003, "train/entropy_loss": -6.406990319490433, "train/policy_gradient_loss": -0.022895298880757763, "train/value_loss": 0.00381580571847735, "train/approx_kl": 0.32908692955970764, "train/clip_fraction": 0.74404296875, "train/loss": -0.02381039783358574, "train/explained_variance": 0.6249467134475708, "train/n_updates": 80, "train/clip_range": 0.2, "eval/mean_reward": 0.3, "eval/mean_ep_length": 1000.0, "time/total_timesteps": 9000}
{"eval/mean_reward": 0.3, "eval/mean_ep_length": 1000.0, "time/total_timesteps": 10000}
{"time/iterations": 5, "rollout/ep_rew_mean": 0.9000000000000005, "rollout/ep_len_mean": 38.12, "time/fps": 0, "time/time_elapsed": -1683717609766311168, "time/total_timesteps": 10240}
{"train/learning_rate": 0.0003, "train/entropy_loss": -6.353808838129043, "train/policy_gradient_loss": -0.025602198943670374, "train/value_loss": 0.004974114869946788, "train/approx_kl": 0.5406968593597412, "train/clip_fraction": 0.81357421875, "train/loss": -0.05256997048854828, "train/explained_variance": 0.5564424693584442, "train/n_updates": 100, "train/clip_range": 0.2, "eval/mean_reward": 0.0, "eval/mean_ep_length": 1000.0, "time/total_timesteps": 11000}
{"eval/mean_reward": 0.0, "eval/mean_ep_length": 1000.0, "time/total_timesteps": 12000}
{"time/iterations": 6, "rollout/ep_rew_mean": 0.9000000000000005, "rollout/ep_len_mean": 32.17, "time/fps": 0, "time/time_elapsed": -1683717609766310912, "time/total_timesteps": 12288}
{"train/learning_rate": 0.0003, "train/entropy_loss": -6.28976554274559, "train/policy_gradient_loss": -0.03432461415068246, "train/value_loss": 0.0010736840162280715, "train/approx_kl": 0.7984247207641602, "train/clip_fraction": 0.865625, "train/loss": -0.020648973062634468, "train/explained_variance": 0.5261426270008087, "train/n_updates": 120, "train/clip_range": 0.2, "eval/mean_reward": 0.0, "eval/mean_ep_length": 1000.0, "time/total_timesteps": 13000}
{"eval/mean_reward": 0.0, "eval/mean_ep_length": 1000.0, "time/total_timesteps": 14000}
{"time/iterations": 7, "rollout/ep_rew_mean": 0.9000000000000005, "rollout/ep_len_mean": 29.65, "time/fps": 0, "time/time_elapsed": -1683717609766310912, "time/total_timesteps": 14336}
{"train/learning_rate": 0.0003, "train/entropy_loss": -6.217816317081452, "train/policy_gradient_loss": -0.03455442711128853, "train/value_loss": 0.0021696147672628286, "train/approx_kl": 1.4129912853240967, "train/clip_fraction": 0.8912109375, "train/loss": -0.061592716723680496, "train/explained_variance": 0.48752838373184204, "train/n_updates": 140, "train/clip_range": 0.2, "eval/mean_reward": 0.6, "eval/mean_ep_length": 1000.0, "time/total_timesteps": 15000}
{"eval/mean_reward": 0.6, "eval/mean_ep_length": 1000.0, "time/total_timesteps": 16000}
{"time/iterations": 8, "rollout/ep_rew_mean": 0.9000000000000005, "rollout/ep_len_mean": 26.74, "time/fps": 0, "time/time_elapsed": -1683717609766310912, "time/total_timesteps": 16384}
{"train/learning_rate": 0.0003, "train/entropy_loss": -6.159830142557621, "train/policy_gradient_loss": -0.03826698144257534, "train/value_loss": 0.0014510956027152134, "train/approx_kl": 1.9795562028884888, "train/clip_fraction": 0.90263671875, "train/loss": -0.05447686091065407, "train/explained_variance": 0.41481828689575195, "train/n_updates": 160, "train/clip_range": 0.2, "eval/mean_reward": 0.9, "eval/mean_ep_length": 10.0, "time/total_timesteps": 17000}
{"eval/mean_reward": 0.9, "eval/mean_ep_length": 10.0, "time/total_timesteps": 18000}
{"time/iterations": 9, "rollout/ep_rew_mean": 0.9000000000000005, "rollout/ep_len_mean": 22.39, "time/fps": 0, "time/time_elapsed": -1683717609766310656, "time/total_timesteps": 18432}
{"train/learning_rate": 0.0003, "train/entropy_loss": -6.018230633437634, "train/policy_gradient_loss": -0.030339171845116652, "train/value_loss": 0.004122470526908728, "train/approx_kl": 2.745906114578247, "train/clip_fraction": 0.919140625, "train/loss": -0.07079360634088516, "train/explained_variance": 0.34653961658477783, "train/n_updates": 180, "train/clip_range": 0.2, "eval/mean_reward": 0.5, "eval/mean_ep_length": 1000.0, "time/total_timesteps": 19000}
{"eval/mean_reward": 0.5, "eval/mean_ep_length": 1000.0, "time/total_timesteps": 20000}
{"time/iterations": 10, "rollout/ep_rew_mean": 0.9000000000000005, "rollout/ep_len_mean": 20.46, "time/fps": 0, "time/time_elapsed": -1683717609766310656, "time/total_timesteps": 20480}
{"train/learning_rate": 0.0003, "train/entropy_loss": -5.832409934699536, "train/policy_gradient_loss": -0.04453194524976425, "train/value_loss": 0.0012792827025350562, "train/approx_kl": 6.110882759094238, "train/clip_fraction": 0.941943359375, "train/loss": -0.05494724586606026, "train/explained_variance": 0.3696887493133545, "train/n_updates": 200, "train/clip_range": 0.2, "eval/mean_reward": 0.0, "eval/mean_ep_length": 1000.0, "time/total_timesteps": 21000}
{"eval/mean_reward": 0.0, "eval/mean_ep_length": 1000.0, "time/total_timesteps": 22000}
{"time/iterations": 11, "rollout/ep_rew_mean": 0.9000000000000005, "rollout/ep_len_mean": 19.84, "time/fps": 0, "time/time_elapsed": -1683717609766310656, "time/total_timesteps": 22528}
{"train/learning_rate": 0.0003, "train/entropy_loss": -5.648765408992768, "train/policy_gradient_loss": -0.056057181407231836, "train/value_loss": 0.0002354960570755793, "train/approx_kl": 7.524822235107422,