{"eval/mean_reward": 0.1, "eval/mean_ep_length": 50.0, "time/total_timesteps": 1000}
{"eval/mean_reward": 0.1, "eval/mean_ep_length": 50.0, "time/total_timesteps": 2000}
{"time/iterations": 1, "rollout/ep_rew_mean": 0.3999999999999999, "rollout/ep_len_mean": 15.45, "time/fps": 0, "time/time_elapsed": -1683715400181890304, "time/total_timesteps": 2048}
{"train/learning_rate": 0.0003, "train/entropy_loss": -5.123159451782703, "train/policy_gradient_loss": -0.10930737463058904, "train/value_loss": 0.009186705766478554, "train/approx_kl": 0.030041225254535675, "train/clip_fraction": 0.51455078125, "train/loss": -0.14338910579681396, "train/explained_variance": -3.8851776123046875, "train/n_updates": 20, "train/clip_range": 0.2, "eval/mean_reward": 0.0, "eval/mean_ep_length": 50.0, "time/total_timesteps": 3000}
{"eval/mean_reward": 0.0, "eval/mean_ep_length": 50.0, "time/total_timesteps": 4000}
{"time/iterations": 2, "rollout/ep_rew_mean": 0.3999999999999999, "rollout/ep_len_mean": 13.68, "time/fps": 0, "time/time_elapsed": -1683715400181890304, "time/total_timesteps": 4096}
{"train/learning_rate": 0.0003, "train/entropy_loss": -5.10324772298336, "train/policy_gradient_loss": -0.021764870153856464, "train/value_loss": 0.0006368513465645264, "train/approx_kl": 0.13856738805770874, "train/clip_fraction": 0.5892578125, "train/loss": -0.04759036377072334, "train/explained_variance": -0.11447763442993164, "train/n_updates": 40, "train/clip_range": 0.2, "eval/mean_reward": 0.2, "eval/mean_ep_length": 50.0, "time/total_timesteps": 5000}
{"eval/mean_reward": 0.2, "eval/mean_ep_length": 50.0, "time/total_timesteps": 6000}
{"time/iterations": 3, "rollout/ep_rew_mean": 0.3999999999999999, "rollout/ep_len_mean": 18.74, "time/fps": 0, "time/time_elapsed": -1683715400181890048, "time/total_timesteps": 6144}
{"train/learning_rate": 0.0003, "train/entropy_loss": -5.083992563188076, "train/policy_gradient_loss": -0.02123516943247523, "train/value_loss": 0.0005465880864903739, "train/approx_kl": 0.19134661555290222, "train/clip_fraction": 0.648583984375, "train/loss": -0.06843327730894089, "train/explained_variance": -0.23084306716918945, "train/n_updates": 60, "train/clip_range": 0.2, "eval/mean_reward": 0.2, "eval/mean_ep_length": 50.0, "time/total_timesteps": 7000}
{"eval/mean_reward": 0.2, "eval/mean_ep_length": 50.0, "time/total_timesteps": 8000}
{"time/iterations": 4, "rollout/ep_rew_mean": 0.39599999999999996, "rollout/ep_len_mean": 21.67, "time/fps": 0, "time/time_elapsed": -1683715400181890048, "time/total_timesteps": 8192}
{"train/learning_rate": 0.0003, "train/entropy_loss": -5.1015634194016455, "train/policy_gradient_loss": -0.01797868763678707, "train/value_loss": 0.0004419689137648675, "train/approx_kl": 0.2518916726112366, "train/clip_fraction": 0.69189453125, "train/loss": 0.0860612615942955, "train/explained_variance": -0.5372129678726196, "train/n_updates": 80, "train/clip_range": 0.2, "eval/mean_reward": 0.2, "eval/mean_ep_length": 50.0, "time/total_timesteps": 9000}
{"eval/mean_reward": 0.2, "eval/mean_ep_length": 50.0, "time/total_timesteps": 10000}
{"time/iterations": 5, "rollout/ep_rew_mean": 0.3999999999999999, "rollout/ep_len_mean": 15.07, "time/fps": 0, "time/time_elapsed": -1683715400181890048, "time/total_timesteps": 10240}
{"train/learning_rate": 0.0003, "train/entropy_loss": -5.075980341434478, "train/policy_gradient_loss": -0.0193305782857351, "train/value_loss": 0.0008239763518758991, "train/approx_kl": 0.4314761161804199, "train/clip_fraction": 0.748095703125, "train/loss": -0.05142040178179741, "train/explained_variance": -0.6925630569458008, "train/n_updates": 100, "train/clip_range": 0.2, "eval/mean_reward": 0.3, "eval/mean_ep_length": 50.0, "time/total_timesteps": 11000}
{"eval/mean_reward": 0.3, "eval/mean_ep_length": 50.0, "time/total_timesteps": 12000}
{"time/iterations": 6, "rollout/ep_rew_mean": 0.3999999999999999, "rollout/ep_len_mean": 11.86, "time/fps": 0, "time/time_elapsed": -1683715400181889792, "time/total_timesteps": 12288}
{"train/learning_rate": 0.0003, "train/entropy_loss": -4.941164538264275, "train/policy_gradient_loss": -0.025053421140182764, "train/value_loss": 0.0004787313296446882, "train/approx_kl": 1.1406238079071045, "train/clip_fraction": 0.8337890625, "train/loss": 0.5909651517868042, "train/explained_variance": -0.5479061603546143, "train/n_updates": 120, "train/clip_range": 0.2, "eval/mean_reward": 0.4, "eval/mean_ep_length": 5.0, "time/total_timesteps": 13000}
{"eval/mean_reward": 0.4, "eval/mean_ep_length": 5.0, "time/total_timesteps": 14000}
{"time/iterations": 7, "rollout/ep_rew_mean": 0.3999999999999999, "rollout/ep_len_mean": 8.25, "time/fps": 0, "time/time_elapsed": -1683715400181889792, "time/total_timesteps": 14336}
{"train/learning_rate": 0.0003, "train/entropy_loss": -4.249994081258774, "train/policy_gradient_loss": -0.004305292046046816, "train/value_loss": 0.000493926499234476, "train/approx_kl": 7.30653715133667, "train/clip_fraction": 0.918701171875, "train/loss": -0.12019900232553482, "train/explained_variance": -0.5393997430801392, "train/n_updates": 140, "train/clip_range": 0.2, "eval/mean_reward": 0.4, "eval/mean_ep_length": 5.0, "time/total_timesteps": 15000}
{"eval/mean_reward": 0.4, "eval/mean_ep_length": 5.0, "time/total_timesteps": 16000}
{"time/iterations": 8, "rollout/ep_rew_mean": 0.3999999999999999, "rollout/ep_len_mean": 8.11, "time/fps": 0, "time/time_elapsed": -1683715400181889792, "time/total_timesteps": 16384}
{"train/learning_rate": 0.0003, "train/entropy_loss": -3.577319583296776, "train/policy_gradient_loss": -0.02042429864523001, "train/value_loss": 0.0005777773403906394, "train/approx_kl": 10.462434768676758, "train/clip_fraction": 0.952099609375, "train/loss": -0.11004770547151566, "train/explained_variance": -0.7397842407226562, "train/n_updates": 160, "train/clip_range": 0.2, "eval/mean_reward": 0.4, "eval/mean_ep_length": 5.0, "time/total_timesteps": 17000}
{"eval/mean_reward": 0.4, "eval/mean_ep_length": 5.0, "time/total_timesteps": 18000}
{"time/iterations": 9, "rollout/ep_rew_mean": 0.3999999999999999, "rollout/ep_len_mean": 7.95, "time/fps": 0, "time/time_elapsed": -1683715400181889536, "time/total_timesteps": 18432}
{"train/learning_rate": 0.0003, "train/entropy_loss": -2.767753078043461, "train/policy_gradient_loss": 0.010328787501202896, "train/value_loss": 0.0006237939202037524, "train/approx_kl": 31.375823974609375, "train/clip_fraction": 0.956591796875, "train/loss": -0.0816430151462555, "train/explained_variance": -0.7124747037887573, "train/n_updates": 180, "train/clip_range": 0.2, "eval/mean_reward": 0.4, "eval/mean_ep_length": 5.0, "time/total_timesteps": 19000}
{"eval/mean_reward": 0.4, "eval/mean_ep_length": 5.0, "time/total_timesteps": 20000}
{"time/iterations": 10, "rollout/ep_rew_mean": 0.3999999999999999, "rollout/ep_len_mean": 10.19, "time/fps": 0, "time/time_elapsed": -1683715400181889536, "time/total_timesteps": 20480}
{"train/learning_rate": 0.0003, "train/entropy_loss": -1.8110248651355505, "train/policy_gradient_loss": -0.05782385150087066, "train/value_loss": 0.0005850330308476259, "train/approx_kl": 49.12223434448242, "train/clip_fraction": 0.9638671875, "train/loss": -0.10188843309879303, "train/explained_variance": -0.9023723602294922, "train/n_updates": 200, "train/clip_range": 0.2, "eval/mean_reward": 0.4, "eval/mean_ep_length": 5.0, "time/total_timesteps": 21000}
{"eval/mean_reward": 0.4, "eval/mean_ep_length": 5.0, "time/total_timesteps": 22000}
{"time/iterations": 11, "rollout/ep_rew_mean": 0.3999999999999999, "rollout/ep_len_mean": 6.58, "time/fps": 0, "time/time_elapsed": -1683715400181889536, "time/total_timesteps": 22528}
{"train/learning_rate": 0.0003, "train/entropy_loss": -1.0633758187294007, "train/policy_gradient_loss": 0.031301466369768605, "train/value_loss": 0.0002793901550546707, "train/approx_kl": 60.024871826171875, "train/clip_fraction": 0.756396484375, "train/loss": -0.11750821769237518,