{"eval/mean_reward": 0.0, "eval/mean_ep_length": 1000.0, "time/total_timesteps": 1000}
{"eval/mean_reward": 0.0, "eval/mean_ep_length": 1000.0, "time/total_timesteps": 2000}
{"time/iterations": 1, "rollout/ep_rew_mean": 0.8999999999999999, "rollout/ep_len_mean": 51.31578947368421, "time/fps": 0, "time/time_elapsed": -1683717610715066880, "time/total_timesteps": 2048}
{"train/learning_rate": 0.0003, "train/entropy_loss": -6.528948925435543, "train/policy_gradient_loss": -0.07123313017364126, "train/value_loss": 0.04090059295413084, "train/approx_kl": 0.022313691675662994, "train/clip_fraction": 0.2900390625, "train/loss": -0.08450524508953094, "train/explained_variance": -1.531949758529663, "train/n_updates": 20, "train/clip_range": 0.2, "eval/mean_reward": 0.1, "eval/mean_ep_length": 1000.0, "time/total_timesteps": 3000}
{"eval/mean_reward": 0.1, "eval/mean_ep_length": 1000.0, "time/total_timesteps": 4000}
{"time/iterations": 2, "rollout/ep_rew_mean": 0.9000000000000005, "rollout/ep_len_mean": 52.69736842105263, "time/fps": 0, "time/time_elapsed": -1683717610715066624, "time/total_timesteps": 4096}
{"train/learning_rate": 0.0003, "train/entropy_loss": -6.427667732536793, "train/policy_gradient_loss": -0.05561380534199998, "train/value_loss": 0.013751526130363345, "train/approx_kl": 0.11864113062620163, "train/clip_fraction": 0.5447265625, "train/loss": -0.07332063466310501, "train/explained_variance": -0.06843245029449463, "train/n_updates": 40, "train/clip_range": 0.2, "eval/mean_reward": 0.1, "eval/mean_ep_length": 1000.0, "time/total_timesteps": 5000}
{"eval/mean_reward": 0.1, "eval/mean_ep_length": 1000.0, "time/total_timesteps": 6000}
{"time/iterations": 3, "rollout/ep_rew_mean": 0.9000000000000005, "rollout/ep_len_mean": 54.04, "time/fps": 0, "time/time_elapsed": -1683717610715066624, "time/total_timesteps": 6144}
{"train/learning_rate": 0.0003, "train/entropy_loss": -6.301910872757435, "train/policy_gradient_loss": -0.012798479340563062, "train/value_loss": 0.005645999855914852, "train/approx_kl": 0.314619243144989, "train/clip_fraction": 0.641455078125, "train/loss": -0.04709000140428543, "train/explained_variance": 0.5148282647132874, "train/n_updates": 60, "train/clip_range": 0.2, "eval/mean_reward": 0.1, "eval/mean_ep_length": 1000.0, "time/total_timesteps": 7000}
{"eval/mean_reward": 0.1, "eval/mean_ep_length": 1000.0, "time/total_timesteps": 8000}
{"time/iterations": 4, "rollout/ep_rew_mean": 0.9000000000000005, "rollout/ep_len_mean": 44.92, "time/fps": 0, "time/time_elapsed": -1683717610715066368, "time/total_timesteps": 8192}
{"train/learning_rate": 0.0003, "train/entropy_loss": -6.215547570586205, "train/policy_gradient_loss": -0.005049730441533029, "train/value_loss": 0.0030460703030257717, "train/approx_kl": 0.5586093664169312, "train/clip_fraction": 0.7482421875, "train/loss": -0.02067798376083374, "train/explained_variance": 0.4999963045120239, "train/n_updates": 80, "train/clip_range": 0.2, "eval/mean_reward": 0.3, "eval/mean_ep_length": 1000.0, "time/total_timesteps": 9000}
{"eval/mean_reward": 0.3, "eval/mean_ep_length": 1000.0, "time/total_timesteps": 10000}
{"time/iterations": 5, "rollout/ep_rew_mean": 0.9000000000000005, "rollout/ep_len_mean": 42.92, "time/fps": 0, "time/time_elapsed": -1683717610715066368, "time/total_timesteps": 10240}
{"train/learning_rate": 0.0003, "train/entropy_loss": -6.221395982801914, "train/policy_gradient_loss": 0.006481404400255996, "train/value_loss": 0.005058067464415217, "train/approx_kl": 0.773838222026825, "train/clip_fraction": 0.747119140625, "train/loss": -0.022378183901309967, "train/explained_variance": 0.3356396555900574, "train/n_updates": 100, "train/clip_range": 0.2, "eval/mean_reward": 0.2, "eval/mean_ep_length": 1000.0, "time/total_timesteps": 11000}
{"eval/mean_reward": 0.2, "eval/mean_ep_length": 1000.0, "time/total_timesteps": 12000}
{"time/iterations": 6, "rollout/ep_rew_mean": 0.9000000000000005, "rollout/ep_len_mean": 39.95, "time/fps": 0, "time/time_elapsed": -1683717610715066112, "time/total_timesteps": 12288}
{"train/learning_rate": 0.0003, "train/entropy_loss": -5.999267914891243, "train/policy_gradient_loss": -0.019373800241737626, "train/value_loss": 0.0028140947895735737, "train/approx_kl": 1.5343503952026367, "train/clip_fraction": 0.831201171875, "train/loss": -0.018581535667181015, "train/explained_variance": 0.46109944581985474, "train/n_updates": 120, "train/clip_range": 0.2, "eval/mean_reward": 0.3, "eval/mean_ep_length": 1000.0, "time/total_timesteps": 13000}
{"eval/mean_reward": 0.3, "eval/mean_ep_length": 1000.0, "time/total_timesteps": 14000}
{"time/iterations": 7, "rollout/ep_rew_mean": 0.9000000000000005, "rollout/ep_len_mean": 32.6, "time/fps": 0, "time/time_elapsed": -1683717610715066112, "time/total_timesteps": 14336}
{"train/learning_rate": 0.0003, "train/entropy_loss": -5.750661647319793, "train/policy_gradient_loss": -0.02811048590228893, "train/value_loss": 0.0016451636289275483, "train/approx_kl": 3.000545024871826, "train/clip_fraction": 0.876904296875, "train/loss": -0.03626265749335289, "train/explained_variance": 0.4200524091720581, "train/n_updates": 140, "train/clip_range": 0.2, "eval/mean_reward": 0.4, "eval/mean_ep_length": 1000.0, "time/total_timesteps": 15000}
{"eval/mean_reward": 0.4, "eval/mean_ep_length": 1000.0, "time/total_timesteps": 16000}
{"time/iterations": 8, "rollout/ep_rew_mean": 0.9000000000000005, "rollout/ep_len_mean": 28.69, "time/fps": 0, "time/time_elapsed": -1683717610715066112, "time/total_timesteps": 16384}
{"train/learning_rate": 0.0003, "train/entropy_loss": -5.450703923404217, "train/policy_gradient_loss": -0.015769213228486477, "train/value_loss": 0.0019613443822890987, "train/approx_kl": 7.78354549407959, "train/clip_fraction": 0.906591796875, "train/loss": 0.0082415621727705, "train/explained_variance": 0.3366890549659729, "train/n_updates": 160, "train/clip_range": 0.2, "eval/mean_reward": 0.6, "eval/mean_ep_length": 1000.0, "time/total_timesteps": 17000}
{"eval/mean_reward": 0.6, "eval/mean_ep_length": 1000.0, "time/total_timesteps": 18000}
{"time/iterations": 9, "rollout/ep_rew_mean": 0.9000000000000005, "rollout/ep_len_mean": 22.53, "time/fps": 0, "time/time_elapsed": -1683717610715065856, "time/total_timesteps": 18432}
{"train/learning_rate": 0.0003, "train/entropy_loss": -5.34296900331974, "train/policy_gradient_loss": -0.013623806674149818, "train/value_loss": 0.0025307345999863173, "train/approx_kl": 10.255138397216797, "train/clip_fraction": 0.931005859375, "train/loss": -0.05417195335030556, "train/explained_variance": 0.3466079831123352, "train/n_updates": 180, "train/clip_range": 0.2, "eval/mean_reward": 0.4, "eval/mean_ep_length": 1000.0, "time/total_timesteps": 19000}
{"eval/mean_reward": 0.4, "eval/mean_ep_length": 1000.0, "time/total_timesteps": 20000}
{"time/iterations": 10, "rollout/ep_rew_mean": 0.9000000000000005, "rollout/ep_len_mean": 22.06, "time/fps": 0, "time/time_elapsed": -1683717610715065856, "time/total_timesteps": 20480}
{"train/learning_rate": 0.0003, "train/entropy_loss": -5.098137544095517, "train/policy_gradient_loss": -0.0006673242227407172, "train/value_loss": 0.004020549683264108, "train/approx_kl": 10.169816970825195, "train/clip_fraction": 0.939599609375, "train/loss": 0.03013611026108265, "train/explained_variance": 0.34299761056900024, "train/n_updates": 200, "train/clip_range": 0.2, "eval/mean_reward": 0.9, "eval/mean_ep_length": 10.0, "time/total_timesteps": 21000}
{"eval/mean_reward": 0.9, "eval/mean_ep_length": 10.0, "time/total_timesteps": 22000}
{"time/iterations": 11, "rollout/ep_rew_mean": 0.9000000000000005, "rollout/ep_len_mean": 20.36, "time/fps": 0, "time/time_elapsed": -1683717610715065856, "time/total_timesteps": 22528}
{"train/learning_rate": 0.0003, "train/entropy_loss": -4.9053470060229305, "train/policy_gradient_loss": -0.034082238483824766, "train/value_loss": 0.0016039579798416525, "train/approx_kl": 15.659626007080078,