{"eval/mean_reward": 0.0, "eval/mean_ep_length": 50.0, "time/total_timesteps": 1000}
{"eval/mean_reward": 0.0, "eval/mean_ep_length": 50.0, "time/total_timesteps": 2000}
{"time/iterations": 1, "rollout/ep_rew_mean": 0.3999999999999999, "rollout/ep_len_mean": 14.74, "time/fps": 0, "time/time_elapsed": -1683715398762218752, "time/total_timesteps": 2048}
{"train/learning_rate": 0.0003, "train/entropy_loss": -5.106991311907768, "train/policy_gradient_loss": -0.11422153358580545, "train/value_loss": 0.02849446094769519, "train/approx_kl": 0.033238984644412994, "train/clip_fraction": 0.54384765625, "train/loss": -0.10951216518878937, "train/explained_variance": -4.958189010620117, "train/n_updates": 20, "train/clip_range": 0.2, "eval/mean_reward": 0.1, "eval/mean_ep_length": 50.0, "time/total_timesteps": 3000}
{"eval/mean_reward": 0.1, "eval/mean_ep_length": 50.0, "time/total_timesteps": 4000}
{"time/iterations": 2, "rollout/ep_rew_mean": 0.3989999999999999, "rollout/ep_len_mean": 15.38, "time/fps": 0, "time/time_elapsed": -1683715398762218752, "time/total_timesteps": 4096}
{"train/learning_rate": 0.0003, "train/entropy_loss": -5.074181522428989, "train/policy_gradient_loss": -0.025520092181977816, "train/value_loss": 0.0017127146378697945, "train/approx_kl": 0.17402411997318268, "train/clip_fraction": 0.547705078125, "train/loss": -0.04239913821220398, "train/explained_variance": -0.499727725982666, "train/n_updates": 40, "train/clip_range": 0.2, "eval/mean_reward": 0.1, "eval/mean_ep_length": 50.0, "time/total_timesteps": 5000}
{"eval/mean_reward": 0.1, "eval/mean_ep_length": 50.0, "time/total_timesteps": 6000}
{"time/iterations": 3, "rollout/ep_rew_mean": 0.39799999999999996, "rollout/ep_len_mean": 17.83, "time/fps": 0, "time/time_elapsed": -1683715398762218496, "time/total_timesteps": 6144}
{"train/learning_rate": 0.0003, "train/entropy_loss": -5.020813493430614, "train/policy_gradient_loss": -0.03329310600529425, "train/value_loss": 0.0007453152436937671, "train/approx_kl": 0.3131248950958252, "train/clip_fraction": 0.665087890625, "train/loss": -0.0606013759970665, "train/explained_variance": -0.32583141326904297, "train/n_updates": 60, "train/clip_range": 0.2, "eval/mean_reward": 0.1, "eval/mean_ep_length": 50.0, "time/total_timesteps": 7000}
{"eval/mean_reward": 0.1, "eval/mean_ep_length": 50.0, "time/total_timesteps": 8000}
{"time/iterations": 4, "rollout/ep_rew_mean": 0.39799999999999996, "rollout/ep_len_mean": 15.83, "time/fps": 0, "time/time_elapsed": -1683715398762218496, "time/total_timesteps": 8192}
{"train/learning_rate": 0.0003, "train/entropy_loss": -4.941723482310772, "train/policy_gradient_loss": -0.025313758448464795, "train/value_loss": 0.0008287564281090453, "train/approx_kl": 0.6842201948165894, "train/clip_fraction": 0.772314453125, "train/loss": -0.01582299917936325, "train/explained_variance": -0.28410840034484863, "train/n_updates": 80, "train/clip_range": 0.2, "eval/mean_reward": 0.2, "eval/mean_ep_length": 50.0, "time/total_timesteps": 9000}
{"eval/mean_reward": 0.2, "eval/mean_ep_length": 50.0, "time/total_timesteps": 10000}
{"time/iterations": 5, "rollout/ep_rew_mean": 0.3999999999999999, "rollout/ep_len_mean": 11.18, "time/fps": 0, "time/time_elapsed": -1683715398762218496, "time/total_timesteps": 10240}
{"train/learning_rate": 0.0003, "train/entropy_loss": -4.645245903730393, "train/policy_gradient_loss": 0.058822671161033215, "train/value_loss": 0.000375440364791757, "train/approx_kl": 2.509197235107422, "train/clip_fraction": 0.876220703125, "train/loss": -0.002379775745794177, "train/explained_variance": -0.47311580181121826, "train/n_updates": 100, "train/clip_range": 0.2, "eval/mean_reward": 0.2, "eval/mean_ep_length": 50.0, "time/total_timesteps": 11000}
{"eval/mean_reward": 0.2, "eval/mean_ep_length": 50.0, "time/total_timesteps": 12000}
{"time/iterations": 6, "rollout/ep_rew_mean": 0.3999999999999999, "rollout/ep_len_mean": 11.09, "time/fps": 0, "time/time_elapsed": -1683715398762218240, "time/total_timesteps": 12288}
{"train/learning_rate": 0.0003, "train/entropy_loss": -4.0402925804257395, "train/policy_gradient_loss": 0.11813562447787262, "train/value_loss": 0.0008011934970113543, "train/approx_kl": 10.480631828308105, "train/clip_fraction": 0.935888671875, "train/loss": -0.05054508149623871, "train/explained_variance": -0.4889645576477051, "train/n_updates": 120, "train/clip_range": 0.2, "eval/mean_reward": 0.4, "eval/mean_ep_length": 5.0, "time/total_timesteps": 13000}
{"eval/mean_reward": 0.4, "eval/mean_ep_length": 5.0, "time/total_timesteps": 14000}
{"time/iterations": 7, "rollout/ep_rew_mean": 0.3999999999999999, "rollout/ep_len_mean": 8.63, "time/fps": 0, "time/time_elapsed": -1683715398762218240, "time/total_timesteps": 14336}
{"train/learning_rate": 0.0003, "train/entropy_loss": -3.314968956261873, "train/policy_gradient_loss": 0.09918625127174892, "train/value_loss": 0.0005817654547968232, "train/approx_kl": 9.8023681640625, "train/clip_fraction": 0.943896484375, "train/loss": -0.029280340299010277, "train/explained_variance": -0.7020858526229858, "train/n_updates": 140, "train/clip_range": 0.2, "eval/mean_reward": 0.4, "eval/mean_ep_length": 5.0, "time/total_timesteps": 15000}
{"eval/mean_reward": 0.4, "eval/mean_ep_length": 5.0, "time/total_timesteps": 16000}
{"time/iterations": 8, "rollout/ep_rew_mean": 0.3999999999999999, "rollout/ep_len_mean": 6.6, "time/fps": 0, "time/time_elapsed": -1683715398762218240, "time/total_timesteps": 16384}
{"train/learning_rate": 0.0003, "train/entropy_loss": -2.650548715889454, "train/policy_gradient_loss": -0.02976989801391028, "train/value_loss": 0.0003447076064730936, "train/approx_kl": 48.25293731689453, "train/clip_fraction": 0.9515625, "train/loss": -0.06460125744342804, "train/explained_variance": -0.6487302780151367, "train/n_updates": 160, "train/clip_range": 0.2, "eval/mean_reward": 0.4, "eval/mean_ep_length": 5.0, "time/total_timesteps": 17000}
{"eval/mean_reward": 0.4, "eval/mean_ep_length": 5.0, "time/total_timesteps": 18000}
{"time/iterations": 9, "rollout/ep_rew_mean": 0.3999999999999999, "rollout/ep_len_mean": 6.86, "time/fps": 0, "time/time_elapsed": -1683715398762217984, "time/total_timesteps": 18432}
{"train/learning_rate": 0.0003, "train/entropy_loss": -2.1028666086494923, "train/policy_gradient_loss": 0.03186467341147363, "train/value_loss": 0.00044618917916068314, "train/approx_kl": 43.57033157348633, "train/clip_fraction": 0.96865234375, "train/loss": -0.047828756272792816, "train/explained_variance": -0.7705260515213013, "train/n_updates": 180, "train/clip_range": 0.2, "eval/mean_reward": 0.4, "eval/mean_ep_length": 5.0, "time/total_timesteps": 19000}
{"eval/mean_reward": 0.4, "eval/mean_ep_length": 5.0, "time/total_timesteps": 20000}
{"time/iterations": 10, "rollout/ep_rew_mean": 0.3999999999999999, "rollout/ep_len_mean": 5.53, "time/fps": 0, "time/time_elapsed": -1683715398762217984, "time/total_timesteps": 20480}
{"train/learning_rate": 0.0003, "train/entropy_loss": -1.601206036657095, "train/policy_gradient_loss": -0.09670795170241035, "train/value_loss": 5.218901613375237e-05, "train/approx_kl": 36.170982360839844, "train/clip_fraction": 0.923974609375, "train/loss": -0.0993233248591423, "train/explained_variance": -0.8294191360473633, "train/n_updates": 200, "train/clip_range": 0.2, "eval/mean_reward": 0.4, "eval/mean_ep_length": 5.0, "time/total_timesteps": 21000}
{"eval/mean_reward": 0.4, "eval/mean_ep_length": 5.0, "time/total_timesteps": 22000}
{"time/iterations": 11, "rollout/ep_rew_mean": 0.3999999999999999, "rollout/ep_len_mean": 5.42, "time/fps": 0, "time/time_elapsed": -1683715398762217984, "time/total_timesteps": 22528}
{"train/learning_rate": 0.0003, "train/entropy_loss": -0.7719866097904742, "train/policy_gradient_loss": -0.03321273591427598, "train/value_loss": 6.67960231851339e-05, "train/approx_kl": 219.1517791748047, "train/clip_fraction": 0.54287109375, "train/loss": -0.11731436103582382,