{"time/iterations": 1, "rollout/ep_rew_mean": 0.3999999999999999, "rollout/ep_len_mean": 4.0, "time/fps": 32, "time/time_elapsed": 63, "time/total_timesteps": 2048}
{"train/learning_rate": 0.0003, "train/entropy_loss": -0.010902951345678957, "train/policy_gradient_loss": -0.013588978938059881, "train/value_loss": 1.4913960327052149e-05, "train/approx_kl": 5.3624043464660645, "train/clip_fraction": 0.05302734375, "train/loss": -0.056572459638118744, "train/explained_variance": 0.9908801605924964, "train/n_updates": 10, "train/clip_range": 0.2, "time/iterations": 2, "rollout/ep_rew_mean": 0.3599999999999999, "rollout/ep_len_mean": 22.4, "time/fps": 27, "time/time_elapsed": 146, "time/total_timesteps": 4096}
{"train/learning_rate": 0.0003, "train/entropy_loss": -0.529539913701592, "train/policy_gradient_loss": -0.00571123982372228, "train/value_loss": 0.0006329576114694647, "train/approx_kl": 0.03870110958814621, "train/clip_fraction": 0.34375, "train/loss": -0.009663091972470284, "train/explained_variance": 0.862617552280426, "train/n_updates": 20, "train/clip_range": 0.2, "time/iterations": 3, "rollout/ep_rew_mean": 0.31899999999999995, "rollout/ep_len_mean": 41.26, "time/fps": 26, "time/time_elapsed": 230, "time/total_timesteps": 6144}
{"train/learning_rate": 0.0003, "train/entropy_loss": -0.6228032560087741, "train/policy_gradient_loss": 0.004347854905063286, "train/value_loss": 0.00022803744661814562, "train/approx_kl": 0.0019945523235946894, "train/clip_fraction": 0.074169921875, "train/loss": 0.00339156249538064, "train/explained_variance": 0.9513647817075253, "train/n_updates": 30, "train/clip_range": 0.2, "time/iterations": 4, "rollout/ep_rew_mean": 0.3, "rollout/ep_len_mean": 50.0, "time/fps": 26, "time/time_elapsed": 313, "time/total_timesteps": 8192}
{"train/learning_rate": 0.0003, "train/entropy_loss": -0.6412176716141402, "train/policy_gradient_loss": 0.00443099305848591, "train/value_loss": 0.00017730653793250893, "train/approx_kl": 0.009130476973950863, "train/clip_fraction": 0.07265625, "train/loss": 0.008255332708358765, "train/explained_variance": 0.9758751820772886, "train/n_updates": 40, "train/clip_range": 0.2, "time/iterations": 5, "rollout/ep_rew_mean": 0.3, "rollout/ep_len_mean": 50.0, "time/fps": 25, "time/time_elapsed": 396, "time/total_timesteps": 10240}
