{"eval/mean_reward": 0.0, "eval/mean_ep_length": 1000.0, "time/total_timesteps": 1000}
{"eval/mean_reward": 0.0, "eval/mean_ep_length": 1000.0, "time/total_timesteps": 2000}
{"time/iterations": 1, "rollout/ep_rew_mean": 0.8999999999999999, "rollout/ep_len_mean": 56.85294117647059, "time/fps": 0, "time/time_elapsed": -1683717608645157376, "time/total_timesteps": 2048}
{"train/learning_rate": 0.0003, "train/entropy_loss": -6.5287814632058145, "train/policy_gradient_loss": -0.06935021982062609, "train/value_loss": 0.03459066534123849, "train/approx_kl": 0.023111358284950256, "train/clip_fraction": 0.28994140625, "train/loss": -0.0775613859295845, "train/explained_variance": -3.0105233192443848, "train/n_updates": 20, "train/clip_range": 0.2, "eval/mean_reward": 0.3, "eval/mean_ep_length": 1000.0, "time/total_timesteps": 3000}
{"eval/mean_reward": 0.3, "eval/mean_ep_length": 1000.0, "time/total_timesteps": 4000}
{"time/iterations": 2, "rollout/ep_rew_mean": 0.9, "rollout/ep_len_mean": 56.0, "time/fps": 0, "time/time_elapsed": -1683717608645157120, "time/total_timesteps": 4096}
{"train/learning_rate": 0.0003, "train/entropy_loss": -6.4482843458652495, "train/policy_gradient_loss": -0.051725640796939844, "train/value_loss": 0.009546652577409987, "train/approx_kl": 0.12016040086746216, "train/clip_fraction": 0.518115234375, "train/loss": -0.039595767855644226, "train/explained_variance": -0.08200836181640625, "train/n_updates": 40, "train/clip_range": 0.2, "eval/mean_reward": 0.2, "eval/mean_ep_length": 1000.0, "time/total_timesteps": 5000}
{"eval/mean_reward": 0.2, "eval/mean_ep_length": 1000.0, "time/total_timesteps": 6000}
{"time/iterations": 3, "rollout/ep_rew_mean": 0.9000000000000005, "rollout/ep_len_mean": 51.71, "time/fps": 0, "time/time_elapsed": -1683717608645157120, "time/total_timesteps": 6144}
{"train/learning_rate": 0.0003, "train/entropy_loss": -6.425170995295048, "train/policy_gradient_loss": -0.026361613100743853, "train/value_loss": 0.005695451834617416, "train/approx_kl": 0.205985426902771, "train/clip_fraction": 0.617236328125, "train/loss": -0.07453907281160355, "train/explained_variance": 0.49208658933639526, "train/n_updates": 60, "train/clip_range": 0.2, "eval/mean_reward": 0.1, "eval/mean_ep_length": 1000.0, "time/total_timesteps": 7000}
{"eval/mean_reward": 0.1, "eval/mean_ep_length": 1000.0, "time/total_timesteps": 8000}
{"time/iterations": 4, "rollout/ep_rew_mean": 0.9000000000000005, "rollout/ep_len_mean": 45.77, "time/fps": 0, "time/time_elapsed": -1683717608645156864, "time/total_timesteps": 8192}
{"train/learning_rate": 0.0003, "train/entropy_loss": -6.337778042256832, "train/policy_gradient_loss": -0.028614479262614623, "train/value_loss": 0.0028572176897796453, "train/approx_kl": 0.5864072442054749, "train/clip_fraction": 0.74091796875, "train/loss": -0.03842881694436073, "train/explained_variance": 0.4960595369338989, "train/n_updates": 80, "train/clip_range": 0.2, "eval/mean_reward": 0.1, "eval/mean_ep_length": 1000.0, "time/total_timesteps": 9000}
{"eval/mean_reward": 0.1, "eval/mean_ep_length": 1000.0, "time/total_timesteps": 10000}
{"time/iterations": 5, "rollout/ep_rew_mean": 0.9000000000000005, "rollout/ep_len_mean": 38.89, "time/fps": 0, "time/time_elapsed": -1683717608645156864, "time/total_timesteps": 10240}
{"train/learning_rate": 0.0003, "train/entropy_loss": -6.181531327962875, "train/policy_gradient_loss": -0.02305573636549525, "train/value_loss": 0.0016010759482014691, "train/approx_kl": 0.9972622990608215, "train/clip_fraction": 0.844580078125, "train/loss": -0.03972652927041054, "train/explained_variance": 0.5492965579032898, "train/n_updates": 100, "train/clip_range": 0.2, "eval/mean_reward": 0.1, "eval/mean_ep_length": 1000.0, "time/total_timesteps": 11000}
{"eval/mean_reward": 0.1, "eval/mean_ep_length": 1000.0, "time/total_timesteps": 12000}
{"time/iterations": 6, "rollout/ep_rew_mean": 0.9000000000000005, "rollout/ep_len_mean": 33.52, "time/fps": 0, "time/time_elapsed": -1683717608645156608, "time/total_timesteps": 12288}
{"train/learning_rate": 0.0003, "train/entropy_loss": -6.0279424890875815, "train/policy_gradient_loss": -0.03101087078975979, "train/value_loss": 0.0024855315735294427, "train/approx_kl": 2.291904926300049, "train/clip_fraction": 0.9005859375, "train/loss": -0.014856395311653614, "train/explained_variance": 0.41221439838409424, "train/n_updates": 120, "train/clip_range": 0.2, "eval/mean_reward": 0.1, "eval/mean_ep_length": 1000.0, "time/total_timesteps": 13000}
{"eval/mean_reward": 0.1, "eval/mean_ep_length": 1000.0, "time/total_timesteps": 14000}
{"time/iterations": 7, "rollout/ep_rew_mean": 0.9000000000000005, "rollout/ep_len_mean": 25.76, "time/fps": 0, "time/time_elapsed": -1683717608645156608, "time/total_timesteps": 14336}
{"train/learning_rate": 0.0003, "train/entropy_loss": -5.850614394247532, "train/policy_gradient_loss": -0.03475911322748289, "train/value_loss": 0.001688843863121292, "train/approx_kl": 3.865781307220459, "train/clip_fraction": 0.917578125, "train/loss": -0.06204265356063843, "train/explained_variance": 0.3520452380180359, "train/n_updates": 140, "train/clip_range": 0.2, "eval/mean_reward": 0.9, "eval/mean_ep_length": 10.0, "time/total_timesteps": 15000}
{"eval/mean_reward": 0.9, "eval/mean_ep_length": 10.0, "time/total_timesteps": 16000}
{"time/iterations": 8, "rollout/ep_rew_mean": 0.9000000000000005, "rollout/ep_len_mean": 23.34, "time/fps": 0, "time/time_elapsed": -1683717608645156608, "time/total_timesteps": 16384}
{"train/learning_rate": 0.0003, "train/entropy_loss": -5.514165468513966, "train/policy_gradient_loss": -0.045922767609590666, "train/value_loss": 0.001538543603646758, "train/approx_kl": 6.620476245880127, "train/clip_fraction": 0.9310546875, "train/loss": -0.03329502046108246, "train/explained_variance": 0.3689129948616028, "train/n_updates": 160, "train/clip_range": 0.2, "eval/mean_reward": 0.9, "eval/mean_ep_length": 10.0, "time/total_timesteps": 17000}
{"eval/mean_reward": 0.9, "eval/mean_ep_length": 10.0, "time/total_timesteps": 18000}
{"time/iterations": 9, "rollout/ep_rew_mean": 0.9000000000000005, "rollout/ep_len_mean": 18.87, "time/fps": 0, "time/time_elapsed": -1683717608645156608, "time/total_timesteps": 18432}
{"train/learning_rate": 0.0003, "train/entropy_loss": -5.229216946661472, "train/policy_gradient_loss": -0.03660907380108256, "train/value_loss": 0.002688281435030149, "train/approx_kl": 10.114784240722656, "train/clip_fraction": 0.944873046875, "train/loss": -0.013785656541585922, "train/explained_variance": 0.2900771498680115, "train/n_updates": 180, "train/clip_range": 0.2, "eval/mean_reward": 0.9, "eval/mean_ep_length": 10.0, "time/total_timesteps": 19000}
{"eval/mean_reward": 0.9, "eval/mean_ep_length": 10.0, "time/total_timesteps": 20000}
{"time/iterations": 10, "rollout/ep_rew_mean": 0.9000000000000005, "rollout/ep_len_mean": 17.66, "time/fps": 0, "time/time_elapsed": -1683717608645156608, "time/total_timesteps": 20480}
{"train/learning_rate": 0.0003, "train/entropy_loss": -4.774165377020836, "train/policy_gradient_loss": -0.011669779851217754, "train/value_loss": 0.0036864088800030006, "train/approx_kl": 18.492774963378906, "train/clip_fraction": 0.9501953125, "train/loss": -0.04574581980705261, "train/explained_variance": 0.2463836669921875, "train/n_updates": 200, "train/clip_range": 0.2, "eval/mean_reward": 0.9, "eval/mean_ep_length": 10.0, "time/total_timesteps": 21000}
{"eval/mean_reward": 0.9, "eval/mean_ep_length": 10.0, "time/total_timesteps": 22000}
{"time/iterations": 11, "rollout/ep_rew_mean": 0.9000000000000005, "rollout/ep_len_mean": 15.45, "time/fps": 0, "time/time_elapsed": -1683717608645156352, "time/total_timesteps": 22528}
{"train/learning_rate": 0.0003, "train/entropy_loss": -4.510337744653225, "train/policy_gradient_loss": -0.049301347931032066, "train/value_loss": 0.002096176785289572, "train/approx_kl": 25.641389846801758, "train/clip_fraction": 0.94423828125,