{"eval/mean_reward": 0.0, "eval/mean_ep_length": 1000.0, "time/total_timesteps": 1000}
{"eval/mean_reward": 0.0, "eval/mean_ep_length": 1000.0, "time/total_timesteps": 2000}
{"time/iterations": 1, "rollout/ep_rew_mean": 0.8999999999999999, "rollout/ep_len_mean": 54.638888888888886, "time/fps": 0, "time/time_elapsed": -1683717610063963648, "time/total_timesteps": 2048}
{"train/learning_rate": 0.0003, "train/entropy_loss": -6.52535130828619, "train/policy_gradient_loss": -0.06484711932134815, "train/value_loss": 0.03998857295373455, "train/approx_kl": 0.024812474846839905, "train/clip_fraction": 0.285302734375, "train/loss": -0.05728159844875336, "train/explained_variance": -2.337156057357788, "train/n_updates": 20, "train/clip_range": 0.2, "eval/mean_reward": 0.1, "eval/mean_ep_length": 1000.0, "time/total_timesteps": 3000}
{"eval/mean_reward": 0.1, "eval/mean_ep_length": 1000.0, "time/total_timesteps": 4000}
{"time/iterations": 2, "rollout/ep_rew_mean": 0.9000000000000006, "rollout/ep_len_mean": 50.53846153846154, "time/fps": 0, "time/time_elapsed": -1683717610063963392, "time/total_timesteps": 4096}
{"train/learning_rate": 0.0003, "train/entropy_loss": -6.484626083076, "train/policy_gradient_loss": -0.03248714162618853, "train/value_loss": 0.008187252149946289, "train/approx_kl": 0.100130595266819, "train/clip_fraction": 0.54609375, "train/loss": -0.04563097283244133, "train/explained_variance": -0.12249565124511719, "train/n_updates": 40, "train/clip_range": 0.2, "eval/mean_reward": 0.0, "eval/mean_ep_length": 1000.0, "time/total_timesteps": 5000}
{"eval/mean_reward": 0.0, "eval/mean_ep_length": 1000.0, "time/total_timesteps": 6000}
{"time/iterations": 3, "rollout/ep_rew_mean": 0.9000000000000005, "rollout/ep_len_mean": 48.11, "time/fps": 0, "time/time_elapsed": -1683717610063963392, "time/total_timesteps": 6144}
{"train/learning_rate": 0.0003, "train/entropy_loss": -6.386451931297779, "train/policy_gradient_loss": -0.034909868490649386, "train/value_loss": 0.005782371556415455, "train/approx_kl": 0.23545201122760773, "train/clip_fraction": 0.6642578125, "train/loss": -0.05225414037704468, "train/explained_variance": 0.4009453058242798, "train/n_updates": 60, "train/clip_range": 0.2, "eval/mean_reward": 0.0, "eval/mean_ep_length": 1000.0, "time/total_timesteps": 7000}
{"eval/mean_reward": 0.0, "eval/mean_ep_length": 1000.0, "time/total_timesteps": 8000}
{"time/iterations": 4, "rollout/ep_rew_mean": 0.9000000000000005, "rollout/ep_len_mean": 46.47, "time/fps": 0, "time/time_elapsed": -1683717610063963136, "time/total_timesteps": 8192}
{"train/learning_rate": 0.0003, "train/entropy_loss": -6.261616915464401, "train/policy_gradient_loss": -0.017387048396631143, "train/value_loss": 0.0034426996899128426, "train/approx_kl": 0.4784601926803589, "train/clip_fraction": 0.770361328125, "train/loss": -0.011969371698796749, "train/explained_variance": 0.6118533611297607, "train/n_updates": 80, "train/clip_range": 0.2, "eval/mean_reward": 0.0, "eval/mean_ep_length": 1000.0, "time/total_timesteps": 9000}
{"eval/mean_reward": 0.0, "eval/mean_ep_length": 1000.0, "time/total_timesteps": 10000}
{"time/iterations": 5, "rollout/ep_rew_mean": 0.9000000000000005, "rollout/ep_len_mean": 42.4, "time/fps": 0, "time/time_elapsed": -1683717610063963136, "time/total_timesteps": 10240}
{"train/learning_rate": 0.0003, "train/entropy_loss": -6.036322021484375, "train/policy_gradient_loss": -0.009940326953073963, "train/value_loss": 0.0037577128436169006, "train/approx_kl": 1.0606138706207275, "train/clip_fraction": 0.8556640625, "train/loss": -0.05147915706038475, "train/explained_variance": 0.5882781744003296, "train/n_updates": 100, "train/clip_range": 0.2, "eval/mean_reward": 0.0, "eval/mean_ep_length": 1000.0, "time/total_timesteps": 11000}
{"eval/mean_reward": 0.0, "eval/mean_ep_length": 1000.0, "time/total_timesteps": 12000}
{"time/iterations": 6, "rollout/ep_rew_mean": 0.9000000000000005, "rollout/ep_len_mean": 38.77, "time/fps": 0, "time/time_elapsed": -1683717610063962880, "time/total_timesteps": 12288}
{"train/learning_rate": 0.0003, "train/entropy_loss": -5.788802815973758, "train/policy_gradient_loss": -0.008451348160451743, "train/value_loss": 0.001318564223311114, "train/approx_kl": 2.101010799407959, "train/clip_fraction": 0.905517578125, "train/loss": 0.007925141602754593, "train/explained_variance": 0.553613007068634, "train/n_updates": 120, "train/clip_range": 0.2, "eval/mean_reward": 0.0, "eval/mean_ep_length": 1000.0, "time/total_timesteps": 13000}
{"eval/mean_reward": 0.0, "eval/mean_ep_length": 1000.0, "time/total_timesteps": 14000}
{"time/iterations": 7, "rollout/ep_rew_mean": 0.9000000000000005, "rollout/ep_len_mean": 34.03, "time/fps": 0, "time/time_elapsed": -1683717610063962880, "time/total_timesteps": 14336}
{"train/learning_rate": 0.0003, "train/entropy_loss": -5.757397684454918, "train/policy_gradient_loss": -0.002780293233809061, "train/value_loss": 0.0018131194049601617, "train/approx_kl": 2.990575075149536, "train/clip_fraction": 0.928662109375, "train/loss": -0.02596655674278736, "train/explained_variance": 0.48222583532333374, "train/n_updates": 140, "train/clip_range": 0.2, "eval/mean_reward": 0.0, "eval/mean_ep_length": 1000.0, "time/total_timesteps": 15000}
{"eval/mean_reward": 0.0, "eval/mean_ep_length": 1000.0, "time/total_timesteps": 16000}
{"time/iterations": 8, "rollout/ep_rew_mean": 0.9000000000000005, "rollout/ep_len_mean": 29.14, "time/fps": 0, "time/time_elapsed": -1683717610063962880, "time/total_timesteps": 16384}
{"train/learning_rate": 0.0003, "train/entropy_loss": -5.5971844986081125, "train/policy_gradient_loss": -0.024952177668455987, "train/value_loss": 0.0006964822980080499, "train/approx_kl": 5.5045552253723145, "train/clip_fraction": 0.945849609375, "train/loss": -0.006135465577244759, "train/explained_variance": 0.5138179361820221, "train/n_updates": 160, "train/clip_range": 0.2, "eval/mean_reward": 0.0, "eval/mean_ep_length": 1000.0, "time/total_timesteps": 17000}
{"eval/mean_reward": 0.0, "eval/mean_ep_length": 1000.0, "time/total_timesteps": 18000}
{"time/iterations": 9, "rollout/ep_rew_mean": 0.9000000000000005, "rollout/ep_len_mean": 23.21, "time/fps": 0, "time/time_elapsed": -1683717610063962624, "time/total_timesteps": 18432}
{"train/learning_rate": 0.0003, "train/entropy_loss": -5.308204928040505, "train/policy_gradient_loss": -0.040962880876031706, "train/value_loss": 0.0022511693131491485, "train/approx_kl": 9.386472702026367, "train/clip_fraction": 0.962353515625, "train/loss": -0.061419788748025894, "train/explained_variance": 0.4353432059288025, "train/n_updates": 180, "train/clip_range": 0.2, "eval/mean_reward": 0.0, "eval/mean_ep_length": 1000.0, "time/total_timesteps": 19000}
{"eval/mean_reward": 0.0, "eval/mean_ep_length": 1000.0, "time/total_timesteps": 20000}
{"time/iterations": 10, "rollout/ep_rew_mean": 0.9000000000000005, "rollout/ep_len_mean": 20.1, "time/fps": 0, "time/time_elapsed": -1683717610063962624, "time/total_timesteps": 20480}
{"train/learning_rate": 0.0003, "train/entropy_loss": -5.069119755923748, "train/policy_gradient_loss": -0.019601768962456845, "train/value_loss": 0.0007551755350959866, "train/approx_kl": 13.752752304077148, "train/clip_fraction": 0.95615234375, "train/loss": -0.01792878285050392, "train/explained_variance": 0.3640371561050415, "train/n_updates": 200, "train/clip_range": 0.2, "eval/mean_reward": 0.0, "eval/mean_ep_length": 1000.0, "time/total_timesteps": 21000}
{"eval/mean_reward": 0.0, "eval/mean_ep_length": 1000.0, "time/total_timesteps": 22000}
{"time/iterations": 11, "rollout/ep_rew_mean": 0.9000000000000005, "rollout/ep_len_mean": 18.96, "time/fps": 0, "time/time_elapsed": -1683717610063962368, "time/total_timesteps": 22528}
{"train/learning_rate": 0.0003, "train/entropy_loss": -4.698805792629718, "train/policy_gradient_loss": -0.03769110068969894, "train/value_loss": 0.003831863592768059, "train/approx_kl": 19.6790771484375,