{"eval/mean_reward": 0.0, "eval/mean_ep_length": 1000.0, "time/total_timesteps": 1000}
{"eval/mean_reward": 0.0, "eval/mean_ep_length": 1000.0, "time/total_timesteps": 2000}
{"time/iterations": 1, "rollout/ep_rew_mean": 0.8999999999999999, "rollout/ep_len_mean": 51.578947368421055, "time/fps": 0, "time/time_elapsed": -1683717611623638784, "time/total_timesteps": 2048}
{"train/learning_rate": 0.0003, "train/entropy_loss": -6.531660644710064, "train/policy_gradient_loss": -0.0641698066610843, "train/value_loss": 0.03724404263193719, "train/approx_kl": 0.02118818648159504, "train/clip_fraction": 0.258154296875, "train/loss": -0.05509985610842705, "train/explained_variance": -1.8168208599090576, "train/n_updates": 20, "train/clip_range": 0.2, "eval/mean_reward": 0.0, "eval/mean_ep_length": 1000.0, "time/total_timesteps": 3000}
{"eval/mean_reward": 0.0, "eval/mean_ep_length": 1000.0, "time/total_timesteps": 4000}
{"time/iterations": 2, "rollout/ep_rew_mean": 0.9000000000000004, "rollout/ep_len_mean": 48.26829268292683, "time/fps": 0, "time/time_elapsed": -1683717611623638528, "time/total_timesteps": 4096}
{"train/learning_rate": 0.0003, "train/entropy_loss": -6.493872101604938, "train/policy_gradient_loss": -0.03213164917542599, "train/value_loss": 0.00820515921805054, "train/approx_kl": 0.08331857621669769, "train/clip_fraction": 0.55400390625, "train/loss": -0.03355903923511505, "train/explained_variance": -0.3382307291030884, "train/n_updates": 40, "train/clip_range": 0.2, "eval/mean_reward": 0.0, "eval/mean_ep_length": 1000.0, "time/total_timesteps": 5000}
{"eval/mean_reward": 0.0, "eval/mean_ep_length": 1000.0, "time/total_timesteps": 6000}
{"time/iterations": 3, "rollout/ep_rew_mean": 0.9000000000000005, "rollout/ep_len_mean": 44.26, "time/fps": 0, "time/time_elapsed": -1683717611623638528, "time/total_timesteps": 6144}
{"train/learning_rate": 0.0003, "train/entropy_loss": -6.4285427868366245, "train/policy_gradient_loss": -0.042515865084715186, "train/value_loss": 0.0032509165019291688, "train/approx_kl": 0.20888692140579224, "train/clip_fraction": 0.71669921875, "train/loss": -0.07866412401199341, "train/explained_variance": 0.5078399479389191, "train/n_updates": 60, "train/clip_range": 0.2, "eval/mean_reward": 0.0, "eval/mean_ep_length": 1000.0, "time/total_timesteps": 7000}
{"eval/mean_reward": 0.0, "eval/mean_ep_length": 1000.0, "time/total_timesteps": 8000}
{"time/iterations": 4, "rollout/ep_rew_mean": 0.9000000000000005, "rollout/ep_len_mean": 41.94, "time/fps": 0, "time/time_elapsed": -1683717611623638272, "time/total_timesteps": 8192}
{"train/learning_rate": 0.0003, "train/entropy_loss": -6.347695751488208, "train/policy_gradient_loss": -0.030587967776227742, "train/value_loss": 0.0012917069017930772, "train/approx_kl": 0.48601335287094116, "train/clip_fraction": 0.805419921875, "train/loss": -0.06596493721008301, "train/explained_variance": 0.607453316450119, "train/n_updates": 80, "train/clip_range": 0.2, "eval/mean_reward": 0.0, "eval/mean_ep_length": 1000.0, "time/total_timesteps": 9000}
{"eval/mean_reward": 0.0, "eval/mean_ep_length": 1000.0, "time/total_timesteps": 10000}
{"time/iterations": 5, "rollout/ep_rew_mean": 0.9000000000000005, "rollout/ep_len_mean": 39.26, "time/fps": 0, "time/time_elapsed": -1683717611623638272, "time/total_timesteps": 10240}
{"train/learning_rate": 0.0003, "train/entropy_loss": -6.210588136315346, "train/policy_gradient_loss": -0.02901161438494455, "train/value_loss": 0.002559837480112037, "train/approx_kl": 0.9109809398651123, "train/clip_fraction": 0.85029296875, "train/loss": -1.4272518455982208e-05, "train/explained_variance": 0.5832150280475616, "train/n_updates": 100, "train/clip_range": 0.2, "eval/mean_reward": 0.0, "eval/mean_ep_length": 1000.0, "time/total_timesteps": 11000}
{"eval/mean_reward": 0.0, "eval/mean_ep_length": 1000.0, "time/total_timesteps": 12000}
{"time/iterations": 6, "rollout/ep_rew_mean": 0.9000000000000005, "rollout/ep_len_mean": 35.29, "time/fps": 0, "time/time_elapsed": -1683717611623638016, "time/total_timesteps": 12288}
{"train/learning_rate": 0.0003, "train/entropy_loss": -6.099125215411187, "train/policy_gradient_loss": -0.035526949795894325, "train/value_loss": 0.0018926979071693494, "train/approx_kl": 1.5170478820800781, "train/clip_fraction": 0.892236328125, "train/loss": -0.04868996888399124, "train/explained_variance": 0.5647947490215302, "train/n_updates": 120, "train/clip_range": 0.2, "eval/mean_reward": 0.0, "eval/mean_ep_length": 1000.0, "time/total_timesteps": 13000}
{"eval/mean_reward": 0.0, "eval/mean_ep_length": 1000.0, "time/total_timesteps": 14000}
{"time/iterations": 7, "rollout/ep_rew_mean": 0.9000000000000005, "rollout/ep_len_mean": 33.11, "time/fps": 0, "time/time_elapsed": -1683717611623638016, "time/total_timesteps": 14336}
{"train/learning_rate": 0.0003, "train/entropy_loss": -6.045198714733123, "train/policy_gradient_loss": -0.013968619995284825, "train/value_loss": 0.004324447960607358, "train/approx_kl": 1.7787590026855469, "train/clip_fraction": 0.88349609375, "train/loss": 0.010553086176514626, "train/explained_variance": 0.46730196475982666, "train/n_updates": 140, "train/clip_range": 0.2, "eval/mean_reward": 0.0, "eval/mean_ep_length": 1000.0, "time/total_timesteps": 15000}
{"eval/mean_reward": 0.0, "eval/mean_ep_length": 1000.0, "time/total_timesteps": 16000}
{"time/iterations": 8, "rollout/ep_rew_mean": 0.9000000000000005, "rollout/ep_len_mean": 27.95, "time/fps": 0, "time/time_elapsed": -1683717611623638016, "time/total_timesteps": 16384}
{"train/learning_rate": 0.0003, "train/entropy_loss": -5.826127691566944, "train/policy_gradient_loss": -0.0432339406281244, "train/value_loss": 0.0010316272291674977, "train/approx_kl": 3.1452693939208984, "train/clip_fraction": 0.923828125, "train/loss": -0.10054164379835129, "train/explained_variance": 0.49063777923583984, "train/n_updates": 160, "train/clip_range": 0.2, "eval/mean_reward": 0.0, "eval/mean_ep_length": 1000.0, "time/total_timesteps": 17000}
{"eval/mean_reward": 0.0, "eval/mean_ep_length": 1000.0, "time/total_timesteps": 18000}
{"time/iterations": 9, "rollout/ep_rew_mean": 0.9000000000000005, "rollout/ep_len_mean": 26.06, "time/fps": 0, "time/time_elapsed": -1683717611623637760, "time/total_timesteps": 18432}
{"train/learning_rate": 0.0003, "train/entropy_loss": -5.650968988239765, "train/policy_gradient_loss": -0.020893884522956797, "train/value_loss": 0.004067573501924926, "train/approx_kl": 4.783616542816162, "train/clip_fraction": 0.937744140625, "train/loss": 0.03433844447135925, "train/explained_variance": 0.4321402907371521, "train/n_updates": 180, "train/clip_range": 0.2, "eval/mean_reward": 0.0, "eval/mean_ep_length": 1000.0, "time/total_timesteps": 19000}
{"eval/mean_reward": 0.0, "eval/mean_ep_length": 1000.0, "time/total_timesteps": 20000}
{"time/iterations": 10, "rollout/ep_rew_mean": 0.9000000000000005, "rollout/ep_len_mean": 23.66, "time/fps": 0, "time/time_elapsed": -1683717611623637760, "time/total_timesteps": 20480}
{"train/learning_rate": 0.0003, "train/entropy_loss": -5.4571319878101345, "train/policy_gradient_loss": -0.04814393277047202, "train/value_loss": 0.0003781252345106623, "train/approx_kl": 6.376054763793945, "train/clip_fraction": 0.948095703125, "train/loss": -0.05581420660018921, "train/explained_variance": 0.4356784224510193, "train/n_updates": 200, "train/clip_range": 0.2, "eval/mean_reward": 0.9, "eval/mean_ep_length": 10.0, "time/total_timesteps": 21000}
{"eval/mean_reward": 0.9, "eval/mean_ep_length": 10.0, "time/total_timesteps": 22000}
{"time/iterations": 11, "rollout/ep_rew_mean": 0.9000000000000005, "rollout/ep_len_mean": 22.49, "time/fps": 0, "time/time_elapsed": -1683717611623637760, "time/total_timesteps": 22528}
{"train/learning_rate": 0.0003, "train/entropy_loss": -5.247347819805145, "train/policy_gradient_loss": -0.03203073793556541, "train/value_loss": 0.0006543081710788101, "train/approx_kl": 9.64410400390625,