{"eval/mean_reward": 0.0, "eval/mean_ep_length": 1000.0, "time/total_timesteps": 1000}
{"eval/mean_reward": 0.0, "eval/mean_ep_length": 1000.0, "time/total_timesteps": 2000}
{"time/iterations": 1, "rollout/ep_rew_mean": 0.8999999999999999, "rollout/ep_len_mean": 52.921052631578945, "time/fps": 0, "time/time_elapsed": -1683717611046681088, "time/total_timesteps": 2048}
{"train/learning_rate": 0.0003, "train/entropy_loss": -6.530567562580108, "train/policy_gradient_loss": -0.06702559500117786, "train/value_loss": 0.03780563350883313, "train/approx_kl": 0.022224362939596176, "train/clip_fraction": 0.250439453125, "train/loss": -0.07289060205221176, "train/explained_variance": -1.881908655166626, "train/n_updates": 20, "train/clip_range": 0.2, "eval/mean_reward": 0.0, "eval/mean_ep_length": 1000.0, "time/total_timesteps": 3000}
{"eval/mean_reward": 0.0, "eval/mean_ep_length": 1000.0, "time/total_timesteps": 4000}
{"time/iterations": 2, "rollout/ep_rew_mean": 0.9000000000000007, "rollout/ep_len_mean": 50.18987341772152, "time/fps": 0, "time/time_elapsed": -1683717611046680832, "time/total_timesteps": 4096}
{"train/learning_rate": 0.0003, "train/entropy_loss": -6.476659174263477, "train/policy_gradient_loss": -0.05021939210128039, "train/value_loss": 0.008085805982409511, "train/approx_kl": 0.09723149240016937, "train/clip_fraction": 0.5361328125, "train/loss": -0.09519725292921066, "train/explained_variance": -0.23067450523376465, "train/n_updates": 40, "train/clip_range": 0.2, "eval/mean_reward": 0.0, "eval/mean_ep_length": 1000.0, "time/total_timesteps": 5000}
{"eval/mean_reward": 0.0, "eval/mean_ep_length": 1000.0, "time/total_timesteps": 6000}
{"time/iterations": 3, "rollout/ep_rew_mean": 0.9000000000000005, "rollout/ep_len_mean": 48.91, "time/fps": 0, "time/time_elapsed": -1683717611046680832, "time/total_timesteps": 6144}
{"train/learning_rate": 0.0003, "train/entropy_loss": -6.473364506661892, "train/policy_gradient_loss": -0.019353359952219762, "train/value_loss": 0.005873267192146159, "train/approx_kl": 0.17141154408454895, "train/clip_fraction": 0.67099609375, "train/loss": -0.0457025021314621, "train/explained_variance": 0.3104078769683838, "train/n_updates": 60, "train/clip_range": 0.2, "eval/mean_reward": 0.0, "eval/mean_ep_length": 1000.0, "time/total_timesteps": 7000}
{"eval/mean_reward": 0.0, "eval/mean_ep_length": 1000.0, "time/total_timesteps": 8000}
{"time/iterations": 4, "rollout/ep_rew_mean": 0.9000000000000005, "rollout/ep_len_mean": 46.25, "time/fps": 0, "time/time_elapsed": -1683717611046680576, "time/total_timesteps": 8192}
{"train/learning_rate": 0.0003, "train/entropy_loss": -6.409828232228756, "train/policy_gradient_loss": -0.03852164331183303, "train/value_loss": 0.004774668493701029, "train/approx_kl": 0.29689452052116394, "train/clip_fraction": 0.7408203125, "train/loss": -0.05336557328701019, "train/explained_variance": 0.49046844244003296, "train/n_updates": 80, "train/clip_range": 0.2, "eval/mean_reward": 0.0, "eval/mean_ep_length": 1000.0, "time/total_timesteps": 9000}
{"eval/mean_reward": 0.0, "eval/mean_ep_length": 1000.0, "time/total_timesteps": 10000}
{"time/iterations": 5, "rollout/ep_rew_mean": 0.9000000000000005, "rollout/ep_len_mean": 38.27, "time/fps": 0, "time/time_elapsed": -1683717611046680576, "time/total_timesteps": 10240}
{"train/learning_rate": 0.0003, "train/entropy_loss": -6.250233580172062, "train/policy_gradient_loss": -0.0470525381679181, "train/value_loss": 0.0016291274594550486, "train/approx_kl": 0.7449820041656494, "train/clip_fraction": 0.8333984375, "train/loss": -0.04504583030939102, "train/explained_variance": 0.5920774936676025, "train/n_updates": 100, "train/clip_range": 0.2, "eval/mean_reward": 0.0, "eval/mean_ep_length": 1000.0, "time/total_timesteps": 11000}
{"eval/mean_reward": 0.0, "eval/mean_ep_length": 1000.0, "time/total_timesteps": 12000}
{"time/iterations": 6, "rollout/ep_rew_mean": 0.9000000000000005, "rollout/ep_len_mean": 34.06, "time/fps": 0, "time/time_elapsed": -1683717611046680320, "time/total_timesteps": 12288}
{"train/learning_rate": 0.0003, "train/entropy_loss": -6.171213929355145, "train/policy_gradient_loss": -0.00983271442091791, "train/value_loss": 0.004616614852693601, "train/approx_kl": 1.096271276473999, "train/clip_fraction": 0.87099609375, "train/loss": -0.002913928823545575, "train/explained_variance": 0.547704815864563, "train/n_updates": 120, "train/clip_range": 0.2, "eval/mean_reward": 0.0, "eval/mean_ep_length": 1000.0, "time/total_timesteps": 13000}
{"eval/mean_reward": 0.0, "eval/mean_ep_length": 1000.0, "time/total_timesteps": 14000}
{"time/iterations": 7, "rollout/ep_rew_mean": 0.9000000000000005, "rollout/ep_len_mean": 27.88, "time/fps": 0, "time/time_elapsed": -1683717611046680320, "time/total_timesteps": 14336}
{"train/learning_rate": 0.0003, "train/entropy_loss": -6.072467339038849, "train/policy_gradient_loss": -0.04422522659006063, "train/value_loss": 0.004478541071330255, "train/approx_kl": 1.802034854888916, "train/clip_fraction": 0.911572265625, "train/loss": -0.05537227913737297, "train/explained_variance": 0.45693439245224, "train/n_updates": 140, "train/clip_range": 0.2, "eval/mean_reward": 0.0, "eval/mean_ep_length": 1000.0, "time/total_timesteps": 15000}
{"eval/mean_reward": 0.0, "eval/mean_ep_length": 1000.0, "time/total_timesteps": 16000}
{"time/iterations": 8, "rollout/ep_rew_mean": 0.9000000000000005, "rollout/ep_len_mean": 25.08, "time/fps": 0, "time/time_elapsed": -1683717611046680320, "time/total_timesteps": 16384}
{"train/learning_rate": 0.0003, "train/entropy_loss": -5.872348652780056, "train/policy_gradient_loss": -0.022014393014251253, "train/value_loss": 0.0020393130165757612, "train/approx_kl": 2.4822335243225098, "train/clip_fraction": 0.92744140625, "train/loss": -0.027255982160568237, "train/explained_variance": 0.4180546998977661, "train/n_updates": 160, "train/clip_range": 0.2, "eval/mean_reward": 0.1, "eval/mean_ep_length": 1000.0, "time/total_timesteps": 17000}
{"eval/mean_reward": 0.1, "eval/mean_ep_length": 1000.0, "time/total_timesteps": 18000}
{"time/iterations": 9, "rollout/ep_rew_mean": 0.9000000000000005, "rollout/ep_len_mean": 22.65, "time/fps": 0, "time/time_elapsed": -1683717611046680064, "time/total_timesteps": 18432}
{"train/learning_rate": 0.0003, "train/entropy_loss": -5.811420151591301, "train/policy_gradient_loss": -0.04479845017049229, "train/value_loss": 0.00048380603464011075, "train/approx_kl": 4.150744915008545, "train/clip_fraction": 0.936376953125, "train/loss": -0.06301601976156235, "train/explained_variance": 0.3903389573097229, "train/n_updates": 180, "train/clip_range": 0.2, "eval/mean_reward": 0.0, "eval/mean_ep_length": 1000.0, "time/total_timesteps": 19000}
{"eval/mean_reward": 0.0, "eval/mean_ep_length": 1000.0, "time/total_timesteps": 20000}
{"time/iterations": 10, "rollout/ep_rew_mean": 0.9000000000000005, "rollout/ep_len_mean": 20.64, "time/fps": 0, "time/time_elapsed": -1683717611046680064, "time/total_timesteps": 20480}
{"train/learning_rate": 0.0003, "train/entropy_loss": -5.659186431765557, "train/policy_gradient_loss": -0.0313324784161523, "train/value_loss": 0.0013317817447841662, "train/approx_kl": 6.182236671447754, "train/clip_fraction": 0.947314453125, "train/loss": 0.0028818240389227867, "train/explained_variance": 0.3638525605201721, "train/n_updates": 200, "train/clip_range": 0.2, "eval/mean_reward": 0.1, "eval/mean_ep_length": 1000.0, "time/total_timesteps": 21000}
{"eval/mean_reward": 0.1, "eval/mean_ep_length": 1000.0, "time/total_timesteps": 22000}
{"time/iterations": 11, "rollout/ep_rew_mean": 0.9000000000000005, "rollout/ep_len_mean": 17.5, "time/fps": 0, "time/time_elapsed": -1683717611046679808, "time/total_timesteps": 22528}
{"train/learning_rate": 0.0003, "train/entropy_loss": -5.4643956735730175, "train/policy_gradient_loss": -0.060065774770919234, "train/value_loss": 0.0003134247221851183, "train/approx_kl": 9.923145294189453,