{"eval/mean_reward": 0.0, "eval/mean_ep_length": 50.0, "time/total_timesteps": 1000}
{"eval/mean_reward": 0.0, "eval/mean_ep_length": 50.0, "time/total_timesteps": 2000}
{"time/iterations": 1, "rollout/ep_rew_mean": 0.3999999999999999, "rollout/ep_len_mean": 16.01, "time/fps": 0, "time/time_elapsed": -1683715398296753664, "time/total_timesteps": 2048}
{"train/learning_rate": 0.0003, "train/entropy_loss": -5.11756509244442, "train/policy_gradient_loss": -0.09334192243404686, "train/value_loss": 0.023134519169980196, "train/approx_kl": 0.02862393856048584, "train/clip_fraction": 0.4224609375, "train/loss": -0.11435429006814957, "train/explained_variance": -4.119779109954834, "train/n_updates": 20, "train/clip_range": 0.2, "eval/mean_reward": 0.0, "eval/mean_ep_length": 50.0, "time/total_timesteps": 3000}
{"eval/mean_reward": 0.0, "eval/mean_ep_length": 50.0, "time/total_timesteps": 4000}
{"time/iterations": 2, "rollout/ep_rew_mean": 0.3999999999999999, "rollout/ep_len_mean": 13.75, "time/fps": 0, "time/time_elapsed": -1683715398296753664, "time/total_timesteps": 4096}
{"train/learning_rate": 0.0003, "train/entropy_loss": -5.065375444293022, "train/policy_gradient_loss": -0.03333767563744914, "train/value_loss": 0.0025089727048907664, "train/approx_kl": 0.1312195211648941, "train/clip_fraction": 0.580126953125, "train/loss": -0.027713073417544365, "train/explained_variance": -0.6551562547683716, "train/n_updates": 40, "train/clip_range": 0.2, "eval/mean_reward": 0.2, "eval/mean_ep_length": 50.0, "time/total_timesteps": 5000}
{"eval/mean_reward": 0.2, "eval/mean_ep_length": 50.0, "time/total_timesteps": 6000}
{"time/iterations": 3, "rollout/ep_rew_mean": 0.3999999999999999, "rollout/ep_len_mean": 13.2, "time/fps": 0, "time/time_elapsed": -1683715398296753664, "time/total_timesteps": 6144}
{"train/learning_rate": 0.0003, "train/entropy_loss": -5.008530704677105, "train/policy_gradient_loss": -0.016854438412701712, "train/value_loss": 0.0006182504764637997, "train/approx_kl": 0.3748687505722046, "train/clip_fraction": 0.73125, "train/loss": 0.054861657321453094, "train/explained_variance": -0.049300551414489746, "train/n_updates": 60, "train/clip_range": 0.2, "eval/mean_reward": 0.1, "eval/mean_ep_length": 50.0, "time/total_timesteps": 7000}
{"eval/mean_reward": 0.1, "eval/mean_ep_length": 50.0, "time/total_timesteps": 8000}
{"time/iterations": 4, "rollout/ep_rew_mean": 0.3999999999999999, "rollout/ep_len_mean": 11.24, "time/fps": 0, "time/time_elapsed": -1683715398296753408, "time/total_timesteps": 8192}
{"train/learning_rate": 0.0003, "train/entropy_loss": -4.889730410277844, "train/policy_gradient_loss": -0.01623893578071147, "train/value_loss": 0.00023795988787469468, "train/approx_kl": 1.007623314857483, "train/clip_fraction": 0.86298828125, "train/loss": 0.0038070008158683777, "train/explained_variance": -0.33044862747192383, "train/n_updates": 80, "train/clip_range": 0.2, "eval/mean_reward": 0.1, "eval/mean_ep_length": 50.0, "time/total_timesteps": 9000}
{"eval/mean_reward": 0.1, "eval/mean_ep_length": 50.0, "time/total_timesteps": 10000}
{"time/iterations": 5, "rollout/ep_rew_mean": 0.3999999999999999, "rollout/ep_len_mean": 12.53, "time/fps": 0, "time/time_elapsed": -1683715398296753408, "time/total_timesteps": 10240}
{"train/learning_rate": 0.0003, "train/entropy_loss": -4.708209002017975, "train/policy_gradient_loss": -0.010575251141563057, "train/value_loss": 0.000789629276141568, "train/approx_kl": 1.5820422172546387, "train/clip_fraction": 0.891357421875, "train/loss": -0.08636865764856339, "train/explained_variance": -0.3767673969268799, "train/n_updates": 100, "train/clip_range": 0.2, "eval/mean_reward": 0.1, "eval/mean_ep_length": 50.0, "time/total_timesteps": 11000}
{"eval/mean_reward": 0.1, "eval/mean_ep_length": 50.0, "time/total_timesteps": 12000}
{"time/iterations": 6, "rollout/ep_rew_mean": 0.3999999999999999, "rollout/ep_len_mean": 9.35, "time/fps": 0, "time/time_elapsed": -1683715398296753152, "time/total_timesteps": 12288}
{"train/learning_rate": 0.0003, "train/entropy_loss": -4.106891269981861, "train/policy_gradient_loss": 0.02103184053557925, "train/value_loss": 0.0006139499038738449, "train/approx_kl": 6.552690505981445, "train/clip_fraction": 0.943505859375, "train/loss": -0.06803055107593536, "train/explained_variance": -0.2959061861038208, "train/n_updates": 120, "train/clip_range": 0.2, "eval/mean_reward": 0.1, "eval/mean_ep_length": 50.0, "time/total_timesteps": 13000}
{"eval/mean_reward": 0.1, "eval/mean_ep_length": 50.0, "time/total_timesteps": 14000}
{"time/iterations": 7, "rollout/ep_rew_mean": 0.3999999999999999, "rollout/ep_len_mean": 8.93, "time/fps": 0, "time/time_elapsed": -1683715398296753152, "time/total_timesteps": 14336}
{"train/learning_rate": 0.0003, "train/entropy_loss": -3.4050093665719032, "train/policy_gradient_loss": -0.06989322471490596, "train/value_loss": 0.00022858634565068315, "train/approx_kl": 14.4625883102417, "train/clip_fraction": 0.958203125, "train/loss": -0.08197460323572159, "train/explained_variance": -0.5591596364974976, "train/n_updates": 140, "train/clip_range": 0.2, "eval/mean_reward": 0.4, "eval/mean_ep_length": 5.0, "time/total_timesteps": 15000}
{"eval/mean_reward": 0.4, "eval/mean_ep_length": 5.0, "time/total_timesteps": 16000}
{"time/iterations": 8, "rollout/ep_rew_mean": 0.3999999999999999, "rollout/ep_len_mean": 8.53, "time/fps": 0, "time/time_elapsed": -1683715398296753152, "time/total_timesteps": 16384}
{"train/learning_rate": 0.0003, "train/entropy_loss": -2.6830628268420695, "train/policy_gradient_loss": -0.0508609551761765, "train/value_loss": 9.554850482800248e-05, "train/approx_kl": 15.585156440734863, "train/clip_fraction": 0.944384765625, "train/loss": -0.044927023351192474, "train/explained_variance": -0.5808020830154419, "train/n_updates": 160, "train/clip_range": 0.2, "eval/mean_reward": 0.4, "eval/mean_ep_length": 5.0, "time/total_timesteps": 17000}
{"eval/mean_reward": 0.4, "eval/mean_ep_length": 5.0, "time/total_timesteps": 18000}
{"time/iterations": 9, "rollout/ep_rew_mean": 0.3999999999999999, "rollout/ep_len_mean": 7.16, "time/fps": 0, "time/time_elapsed": -1683715398296752896, "time/total_timesteps": 18432}
{"train/learning_rate": 0.0003, "train/entropy_loss": -1.944919240102172, "train/policy_gradient_loss": 0.9859598140465096, "train/value_loss": 0.0002706355180180253, "train/approx_kl": 40.50335693359375, "train/clip_fraction": 0.935400390625, "train/loss": -0.12118910998106003, "train/explained_variance": -0.7718069553375244, "train/n_updates": 180, "train/clip_range": 0.2, "eval/mean_reward": 0.4, "eval/mean_ep_length": 5.0, "time/total_timesteps": 19000}
{"eval/mean_reward": 0.4, "eval/mean_ep_length": 5.0, "time/total_timesteps": 20000}
{"time/iterations": 10, "rollout/ep_rew_mean": 0.3999999999999999, "rollout/ep_len_mean": 6.2, "time/fps": 0, "time/time_elapsed": -1683715398296752896, "time/total_timesteps": 20480}
{"train/learning_rate": 0.0003, "train/entropy_loss": -1.629761054366827, "train/policy_gradient_loss": 3.8906877058616374, "train/value_loss": 0.0007313870097959807, "train/approx_kl": 123.71585083007812, "train/clip_fraction": 0.9125, "train/loss": -0.08313187956809998, "train/explained_variance": -0.7999148368835449, "train/n_updates": 200, "train/clip_range": 0.2, "eval/mean_reward": 0.4, "eval/mean_ep_length": 5.0, "time/total_timesteps": 21000}
{"eval/mean_reward": 0.4, "eval/mean_ep_length": 5.0, "time/total_timesteps": 22000}
{"time/iterations": 11, "rollout/ep_rew_mean": 0.3999999999999999, "rollout/ep_len_mean": 5.74, "time/fps": 0, "time/time_elapsed": -1683715398296752896, "time/total_timesteps": 22528}
{"train/learning_rate": 0.0003, "train/entropy_loss": -1.459708395600319, "train/policy_gradient_loss": -0.01569797835254576, "train/value_loss": 0.0001333156144156078, "train/approx_kl": 52.76664352416992, "train/clip_fraction": 0.937646484375, "train/loss": -0.0037813421804457903,