{"eval/mean_reward": 0.1, "eval/mean_ep_length": 1000.0, "time/total_timesteps": 1000}
{"eval/mean_reward": 0.1, "eval/mean_ep_length": 1000.0, "time/total_timesteps": 2000}
{"time/iterations": 1, "rollout/ep_rew_mean": 0.8999999999999999, "rollout/ep_len_mean": 48.095238095238095, "time/fps": 0, "time/time_elapsed": -1683717609109071360, "time/total_timesteps": 2048}
{"train/learning_rate": 0.0003, "train/entropy_loss": -6.53017263263464, "train/policy_gradient_loss": -0.062017493898747486, "train/value_loss": 0.03151620137796272, "train/approx_kl": 0.025164883583784103, "train/clip_fraction": 0.2861328125, "train/loss": -0.06804865598678589, "train/explained_variance": -0.5476387739181519, "train/n_updates": 20, "train/clip_range": 0.2, "eval/mean_reward": 0.0, "eval/mean_ep_length": 1000.0, "time/total_timesteps": 3000}
{"eval/mean_reward": 0.0, "eval/mean_ep_length": 1000.0, "time/total_timesteps": 4000}
{"time/iterations": 2, "rollout/ep_rew_mean": 0.9000000000000004, "rollout/ep_len_mean": 48.47560975609756, "time/fps": 0, "time/time_elapsed": -1683717609109071104, "time/total_timesteps": 4096}
{"train/learning_rate": 0.0003, "train/entropy_loss": -6.498308272659779, "train/policy_gradient_loss": -0.04249478534038644, "train/value_loss": 0.007874384440219729, "train/approx_kl": 0.09272584319114685, "train/clip_fraction": 0.57431640625, "train/loss": -0.06411781162023544, "train/explained_variance": 0.48588234186172485, "train/n_updates": 40, "train/clip_range": 0.2, "eval/mean_reward": 0.0, "eval/mean_ep_length": 1000.0, "time/total_timesteps": 5000}
{"eval/mean_reward": 0.0, "eval/mean_ep_length": 1000.0, "time/total_timesteps": 6000}
{"time/iterations": 3, "rollout/ep_rew_mean": 0.9000000000000005, "rollout/ep_len_mean": 49.95, "time/fps": 0, "time/time_elapsed": -1683717609109071104, "time/total_timesteps": 6144}
{"train/learning_rate": 0.0003, "train/entropy_loss": -6.460894724726677, "train/policy_gradient_loss": -0.02537228009896353, "train/value_loss": 0.0035701539673027582, "train/approx_kl": 0.16977214813232422, "train/clip_fraction": 0.668701171875, "train/loss": -0.08165906369686127, "train/explained_variance": 0.6165415346622467, "train/n_updates": 60, "train/clip_range": 0.2, "eval/mean_reward": 0.0, "eval/mean_ep_length": 1000.0, "time/total_timesteps": 7000}
{"eval/mean_reward": 0.0, "eval/mean_ep_length": 1000.0, "time/total_timesteps": 8000}
{"time/iterations": 4, "rollout/ep_rew_mean": 0.9000000000000005, "rollout/ep_len_mean": 51.93, "time/fps": 0, "time/time_elapsed": -1683717609109070848, "time/total_timesteps": 8192}
{"train/learning_rate": 0.0003, "train/entropy_loss": -6.436278042197228, "train/policy_gradient_loss": -0.02625741683441447, "train/value_loss": 0.0022998751044724488, "train/approx_kl": 0.3083949685096741, "train/clip_fraction": 0.753466796875, "train/loss": -0.06697345525026321, "train/explained_variance": 0.6110085546970367, "train/n_updates": 80, "train/clip_range": 0.2, "eval/mean_reward": 0.1, "eval/mean_ep_length": 1000.0, "time/total_timesteps": 9000}
{"eval/mean_reward": 0.1, "eval/mean_ep_length": 1000.0, "time/total_timesteps": 10000}
{"time/iterations": 5, "rollout/ep_rew_mean": 0.9000000000000005, "rollout/ep_len_mean": 57.43, "time/fps": 0, "time/time_elapsed": -1683717609109070848, "time/total_timesteps": 10240}
{"train/learning_rate": 0.0003, "train/entropy_loss": -6.257049843668938, "train/policy_gradient_loss": -0.015340401731373276, "train/value_loss": 0.003825776369922096, "train/approx_kl": 0.44202619791030884, "train/clip_fraction": 0.799267578125, "train/loss": -0.04090886935591698, "train/explained_variance": 0.5133119821548462, "train/n_updates": 100, "train/clip_range": 0.2, "eval/mean_reward": 0.2, "eval/mean_ep_length": 1000.0, "time/total_timesteps": 11000}
{"eval/mean_reward": 0.2, "eval/mean_ep_length": 1000.0, "time/total_timesteps": 12000}
{"time/iterations": 6, "rollout/ep_rew_mean": 0.9000000000000005, "rollout/ep_len_mean": 56.95, "time/fps": 0, "time/time_elapsed": -1683717609109070592, "time/total_timesteps": 12288}
{"train/learning_rate": 0.0003, "train/entropy_loss": -6.1850958779454235, "train/policy_gradient_loss": 0.009683819417841733, "train/value_loss": 0.003917927604925353, "train/approx_kl": 0.7428457736968994, "train/clip_fraction": 0.83798828125, "train/loss": 0.000655673211440444, "train/explained_variance": 0.5355196297168732, "train/n_updates": 120, "train/clip_range": 0.2, "eval/mean_reward": 0.2, "eval/mean_ep_length": 1000.0, "time/total_timesteps": 13000}
{"eval/mean_reward": 0.2, "eval/mean_ep_length": 1000.0, "time/total_timesteps": 14000}
{"time/iterations": 7, "rollout/ep_rew_mean": 0.9000000000000005, "rollout/ep_len_mean": 51.99, "time/fps": 0, "time/time_elapsed": -1683717609109070592, "time/total_timesteps": 14336}
{"train/learning_rate": 0.0003, "train/entropy_loss": -6.23216128051281, "train/policy_gradient_loss": 0.022723977072746492, "train/value_loss": 0.0055360759597533615, "train/approx_kl": 0.7066134810447693, "train/clip_fraction": 0.866650390625, "train/loss": -0.016857575625181198, "train/explained_variance": 0.4939959645271301, "train/n_updates": 140, "train/clip_range": 0.2, "eval/mean_reward": 0.7, "eval/mean_ep_length": 1000.0, "time/total_timesteps": 15000}
{"eval/mean_reward": 0.7, "eval/mean_ep_length": 1000.0, "time/total_timesteps": 16000}
{"time/iterations": 8, "rollout/ep_rew_mean": 0.9000000000000005, "rollout/ep_len_mean": 44.43, "time/fps": 0, "time/time_elapsed": -1683717609109070592, "time/total_timesteps": 16384}
{"train/learning_rate": 0.0003, "train/entropy_loss": -6.195208473503589, "train/policy_gradient_loss": -0.004426631948444992, "train/value_loss": 0.004792727178210043, "train/approx_kl": 0.7990424633026123, "train/clip_fraction": 0.874560546875, "train/loss": -0.003065599827095866, "train/explained_variance": 0.4708009362220764, "train/n_updates": 160, "train/clip_range": 0.2, "eval/mean_reward": 0.8, "eval/mean_ep_length": 1000.0, "time/total_timesteps": 17000}
{"eval/mean_reward": 0.8, "eval/mean_ep_length": 1000.0, "time/total_timesteps": 18000}
{"time/iterations": 9, "rollout/ep_rew_mean": 0.9000000000000005, "rollout/ep_len_mean": 34.9, "time/fps": 0, "time/time_elapsed": -1683717609109070336, "time/total_timesteps": 18432}
{"train/learning_rate": 0.0003, "train/entropy_loss": -6.270830544829368, "train/policy_gradient_loss": -0.01054266056889901, "train/value_loss": 0.0028747782602295048, "train/approx_kl": 1.0450271368026733, "train/clip_fraction": 0.874658203125, "train/loss": -0.01919778622686863, "train/explained_variance": 0.5102894902229309, "train/n_updates": 180, "train/clip_range": 0.2, "eval/mean_reward": 0.8, "eval/mean_ep_length": 1000.0, "time/total_timesteps": 19000}
{"eval/mean_reward": 0.8, "eval/mean_ep_length": 1000.0, "time/total_timesteps": 20000}
{"time/iterations": 10, "rollout/ep_rew_mean": 0.9000000000000005, "rollout/ep_len_mean": 27.78, "time/fps": 0, "time/time_elapsed": -1683717609109070336, "time/total_timesteps": 20480}
{"train/learning_rate": 0.0003, "train/entropy_loss": -6.230585703253746, "train/policy_gradient_loss": -0.029986880795331673, "train/value_loss": 0.001925071092955477, "train/approx_kl": 1.5424609184265137, "train/clip_fraction": 0.873583984375, "train/loss": -0.039866432547569275, "train/explained_variance": 0.5066913366317749, "train/n_updates": 200, "train/clip_range": 0.2, "eval/mean_reward": 0.8, "eval/mean_ep_length": 1000.0, "time/total_timesteps": 21000}
{"eval/mean_reward": 0.8, "eval/mean_ep_length": 1000.0, "time/total_timesteps": 22000}
{"time/iterations": 11, "rollout/ep_rew_mean": 0.9000000000000005, "rollout/ep_len_mean": 26.13, "time/fps": 0, "time/time_elapsed": -1683717609109070080, "time/total_timesteps": 22528}
{"train/learning_rate": 0.0003, "train/entropy_loss": -6.1698117211461065, "train/policy_gradient_loss": -0.037764787281048484, "train/value_loss": 0.005110137762312661, "train/approx_kl": 1.6253200769424438,